Enemy ID,Trait(s),Name,Health,Knockbacks,Speed,Attack,DPS,A. Type,A. Frequency,Foreswing,Range,Value,Abilities
2,白い敵,わんこ,90,3,5,8,5,単体,47,8,110,15,-
3,白い敵,にょろ,100,3,8,15,12,単体,37,8,110,30,-
4,白い敵,例のヤツ,200,1,10,20,20,単体,30,10,110,75,-
5,白い敵,カバちゃん,"1,000",1,4,100,44,範囲,67,8,160,400,-
6,赤い敵,ブタヤロウ,"1,500",2,5,120,49,範囲,73,14,150,400,-
7,白い敵,ジャッキー・ペン,"1,300",3,11,80,99,単体,24,8,150,450,-
8,白い敵,ゴリさん,"1,000",3,15,80,150,範囲,16,8,150,550,-
9,白い敵,メェメェ,500,3,7,50,28,単体,53,14,110,150,-
10,赤い敵,ゴマさま,"2,500",1,10,150,195,範囲,23,8,170,650,-
11,白い敵,パオン,"4,000",1,4,654,104,範囲,187,8,400,"1,300",-
12,白い敵,カ・ンガリュ,"4,000",1,20,250,208,単体,36,2,160,"1,400",3連続攻撃 213 12 25（2F 8F 16F）
13,赤い敵,一角くん,"15,000",1,3,500,937,範囲,16,8,40,"2,500",-
14,白い敵,クマ先生,"3,000",10,4,"1,000",280,範囲,107,8,350,"2,000",-
15,白い敵,ワニック,70,1,14,30,50,単体,18,8,110,50,-
16,赤い敵,ウサ銀,500,3,22,50,36,単体,41,12,110,180,-
17,白い敵,リッスントゥミー,80,3,30,30,56,単体,16,8,110,100,-
18,黒い敵,ブラックマ,550,1,150,"3,000","11,250",範囲,8,6,800,1,-
19,"赤い敵
 浮いてる敵",赤羅我王,"35,000",2,40,500,681,範囲,22,12,150,"1,500",-
20,浮いてる敵,カオル君,"99,999",2,1,"2,000",219,範囲,273,34,340,"4,000",-
23,白い敵,カンバン娘,"10,000","10,000",4,1,-,単体,607,8,800,1,-
24,浮いてる敵,ガガガガ,"5,000",1,20,350,119,範囲,88,34,340,"1,800",-
25,赤い敵,悪の帝王ニャンダム,"99,999",3,2,"1,800",116,範囲,463,104,500,"6,000",-
26,浮いてる敵,ぶんぶん先生,"99,999",10,23,"2,250","2,177",範囲,31,20,200,"8,000",-
27,白い敵,剣士,100,2,4,10,2,単体,106,27,110,800,-
28,白い敵,ガウガウ,"1,000",2,6,300,48,範囲,185,56,112,"1,200",-
29,白い敵,ケリ姫,"8,000","8,000",35,200,33,単体,181,4,109,"1,500",-
30,白い敵,剣士,100,2,4,"1,000",535,範囲,56,27,110,800,-
31,白い敵,ガウガウ,"80,000",4,6,"3,000",803,範囲,112,56,130,"1,200",-
32,白い敵,ケリ姫,"6,000",1,35,"4,200",893,範囲,141,4,"1,300","1,500",-
33,白い敵,師匠,"40,000",4,4,557,696,範囲,24,1,451,"2,000",-
34,白い敵,ダチョウ同好会,"340,000",5,16,"7,200","12,705",範囲,17,4,260,"1,080",10％の確率でクリティカル
35,白い敵,フルぼっこ,"30,000",1,10,"1,497","1,952",範囲,23,14,180,200,-
36,白い敵,コアラッキョ,"120,000",5,7,"1,400",699,範囲,60,21,200,900,"対 お城 与ダメx4
 100％の確率でLv4波動（射程 1067.5）"
37,白い敵,こぶへい,"100,000",2,8,"2,637","1,683",範囲,47,11,550,900,対 お城 与ダメx4
38,白い敵,アヒルンルン,"40,000",1,10,"1,000",909,範囲,33,12,120,400,2連続攻撃 500 500（12F 24F）
39,浮いてる敵,まゆげどり,"10,000",1,14,"3,000",775,範囲,116,44,340,800,-
40,赤い敵,イノシャシ,"400,000",2,14,"4,837","13,191",範囲,11,8,130,"2,100",-
41,白い敵,ナマルケモルル,"300,000",3,2,"8,000",563,範囲,426,27,450,"2,000",-
42,白い敵,ナカイくん,"90,000",20,25,"4,547","3,327",範囲,41,20,300,800,-
43,白い敵,だっふんど,"60,000",1,10,"3,000","1,800",範囲,50,13,180,700,-
44,白い敵,セレブ,"9,000",2,20,"5,000","3,658",単体,41,17,140,700,-
45,白い敵,ハイ・エナジー,"200,000",5,14,"6,101","3,050",範囲,60,30,344,"1,101",100％の確率でふっとばす
46,白い敵,ダディ,"800,000",2,3,"5,500","3,928",範囲,42,30,172,"1,600",33％の確率でLv3波動（射程 867.5）
47,白い敵,ウルフとウルルン,"700,000",10,12,"8,812","2,905",範囲,91,69,415,"1,400",-
48,黒い敵,殺意のわんこ,"5,000",8,30,"2,000","1,463",単体,41,4,110,400,-
49,メタルな敵,メタルカバちゃん,80,2,4,200,333,範囲,18,8,160,400,メタル（被ダメージ1 ※クリティカルを除く）
50,赤い敵,エリザベス2世,"40,000",4,8,400,545,範囲,22,14,160,600,-
51,"赤い敵
 浮いてる敵",赤井ブン太郎,"400,000",5,23,"9,287","8,987",範囲,31,20,200,"2,000",-
52,"黒い敵
 浮いてる敵",ブラックブンブン,"777,777",10,16,"5,997","5,803",範囲,31,20,200,"3,000",-
53,黒い敵,ブラッゴリ,"40,000",8,30,"3,123","5,855",範囲,16,6,155,500,-
54,黒い敵,シャドウボクサー,"80,000",10,22,"4,997","9,369",範囲,16,2,158,600,3連続攻撃 4250 250 497（2F 4F 8F）
55,黒い敵,クロサワ監督,"200,000",3,2,"18,763","1,432",範囲,393,104,700,"1,000",-
56,メタルな敵,超メタルカバちゃん,"8,000",16,18,"3,000","1,914",範囲,47,8,170,999,"メタル（被ダメージ1 ※クリティカルを除く）
 100％の確率でふっとばす"
57,メタルな敵,10式戦車,100,2,4,8,3,範囲,65,6,240,500,メタル（被ダメージ1 ※クリティカルを除く）
58,メタルな敵,メタルサイボーグ,800,2,4,"3,200","15,999",範囲,6,3,80,600,メタル（被ダメージ1 ※クリティカルを除く）
59,メタルな敵,メタックマ,50,1,3,"999,999","1,874,998",単体,16,8,600,550,メタル（被ダメージ1 ※クリティカルを除く）
60,メタルな敵,メタルカオル君,299,1,32,"99,999","12,986",範囲,231,32,140,550,"メタル（被ダメージ1 ※クリティカルを除く）
 30％の確率でふっとばす
 対 お城 与ダメx4
 90％の確率でLv8波動（射程 1867.5）"
61,メタルな敵,メタルゴマさま,"22,000",3,10,"6,699","11,165",範囲,18,8,150,"1,155",メタル（被ダメージ1 ※クリティカルを除く）
62,浮いてる敵,ユーリンチー,"2,000",2,6,180,79,範囲,68,33,150,550,-
63,浮いてる敵,プリンセスカオル,"50,000",3,10,"2,400","2,482",範囲,29,17,180,"4,000",-
64,白い敵,ペ課長,"10,000",3,11,"1,200","1,894",範囲,19,6,200,450,-
65,"赤い敵
 悪魔",悪魔王サンタ,"45,000",3,4,"3,600",812,範囲,133,104,500,"6,000",100％の確率で120F動きを止める
66,"赤い敵
 浮いてる敵",レッドサイクロン,"999,999",1,6,"92,000","552,000",範囲,5,1,90,"3,000",-
67,白い敵,獅子カバブー,"14,000",1,10,999,"1,665",範囲,18,8,180,400,-
68,白い敵,福の神,"300,000",3,2,"8,000","3,157",範囲,76,27,350,"2,000",20％の確率でふっとばす
69,白い敵,クマトーク,"50,000",10,35,"2,800",831,範囲,101,15,400,"3,000",100％の確率でふっとばす
70,白い敵,猿王,"6,640",3,7,550,261,単体,63,30,260,"1,080",-
71,浮いてる敵,ホワイトサイクロン,"999,999",5,7,"89,000","534,000",範囲,5,1,70,"3,000",-
72,"黒い敵
 浮いてる敵",ブラックサイクロン,"1,200,000",10,10,"4,000","24,000",範囲,5,1,120,"3,000",20％の確率でふっとばす
73,メタルな敵,メタルサイクロン,"77,777",10,2,"77,000","462,000",範囲,5,1,65,"3,000",メタル（被ダメージ1 ※クリティカルを除く）
74,浮いてる敵,ニムエ,"5,000",3,4,399,39,範囲,302,63,169,996,-
75,浮いてる敵,帰化型ニムエ,"98,767",5,4,"3,843",952,範囲,121,63,340,"1,192",-
76,白い敵,SSS猿王,"188,600",2,7,"5,280","2,514",範囲,63,30,300,"2,160",-
77,白い敵,狂乱のネコ,"2,400,000",3,4,"7,880","13,133",範囲,18,8,240,"1,980",-
78,白い敵,狂乱のタンクネコ,"3,200,000",1,2,"30,240","13,540",範囲,67,8,390,"2,370",対 お城 与ダメx4
79,白い敵,狂乱のバトルネコ,"2,200,000",5,7,"4,200","7,875",範囲,16,8,360,"2,000",50％の確率で130F動きを止める
80,白い敵,狂乱のキモネコ,"120,000",2,6,"3,990","2,546",範囲,47,8,100,810,100％の確率でLv3波動（射程 867.5）
81,白い敵,狂乱のウシネコ,"130,000",2,20,"2,600","7,800",単体,10,6,100,500,-
82,浮いてる敵,狂乱のネコノトリ,"1,180,000",1,2,"12,000","2,130",範囲,169,10,640,"1,999",-
83,白い敵,狂乱のネコフィッシュ,"87,000",1,6,"4,200","6,999",範囲,18,10,260,620,3％の確率でクリティカル
84,白い敵,狂乱のネコトカゲ,"600,000",8,7,"1,300",795,範囲,49,10,755,"1,350",-
85,白い敵,狂乱の巨神ネコ,"2,560,000",5,4,"17,000","6,296",範囲,81,47,320,"2,125","100％の確率でふっとばす
 40％の確率で200F動きを遅くする
 15％の確率でLv7波動（射程 1667.5）"
86,白い敵,高校教師,"40,000",4,11,657,821,範囲,24,1,351,"2,000",20％の確率で90F動きを遅くする
87,"赤い敵
 黒い敵",武者わんこ,"135,400",2,8,"2,555","8,516",範囲,9,6,120,"1,600",100％の確率でふっとばす
88,メタルな敵,メガにゃんこ,99,1,1,"99,999","5,181",範囲,579,160,"1,300","9,999",メタル（被ダメージ1 ※クリティカルを除く）
89,黒い敵,ゴリ婿,"170,000",7,10,"2,525","4,734",範囲,16,6,175,"1,789",対 お城 与ダメx4
90,浮いてる敵,セレス,250,1,10,50,26,範囲,57,26,140,250,-
91,白い敵,ノノ,650,2,8,150,67,単体,67,22,180,400,-
92,白い敵,オルガ,"2,400",2,10,240,80,範囲,89,20,310,600,-
93,白い敵,ノルン,"3,200",2,12,430,314,範囲,41,30,150,550,-
94,白い敵,よいち,"3,800",2,8,780,175,範囲,133,34,390,800,-
95,浮いてる敵,セラム,"9,200",1,30,600,367,範囲,49,17,240,720,-
96,浮いてる敵,フウ,"30,000",1,4,"1,942",924,範囲,63,31,200,800,20％の確率で90F動きを止める
97,白い敵,アウラ,"77,000",2,3,"3,555",960,範囲,111,46,350,800,100％の確率でふっとばす
98,浮いてる敵,レイ,"40,000",3,18,"2,123","1,010",範囲,63,24,130,900,-
99,浮いてる敵,ワイバーン,"380,000",4,5,"6,555",525,範囲,374,55,600,"2,000",-
100,白い敵,癒術士,"299,999",5,23,"3,250","2,119",範囲,46,20,310,"1,400",10％の確率でクリティカル
101,白い敵,夏セレブ,"80,000",2,10,"3,000",937,範囲,96,17,400,"1,000",-
102,白い敵,ビキニグマ,"35,000",3,30,600,"1,125",範囲,16,6,300,600,-
103,赤い敵,閻魔大王,"112,590",1,3,"6,000",734,範囲,245,6,380,"4,590",-
104,白い敵,ハシル君,"50,000",3,25,600,947,範囲,19,12,170,"4,000",-
105,浮いてる敵,ゴーストわんこ,180,3,5,16,10,単体,45,6,110,30,-
106,浮いてる敵,ゴーストにょろ,200,3,8,30,23,単体,39,10,110,60,-
107,浮いてる敵,ゴーストメェメェ,"1,000",3,7,100,58,単体,51,12,110,300,-
108,白い敵,花火職人（高空）,1,1,5,1,-,単体,569,190,50,1,-
109,白い敵,花火職人（低空）,1,1,5,1,-,単体,569,190,100,1,-
110,白い敵,バトルクマッチョ,"83,000",3,2,"8,300","3,233",範囲,77,18,350,"2,000",-
111,白い敵,ペ仙人,"25,000",2,11,650,541,範囲,36,6,280,"1,000",-
112,白い敵,マスターダッフン,"100,000",3,16,"2,700",826,範囲,98,19,180,"1,500",-
113,赤い敵,豚戦わんこ,"10,000",1,10,200,193,範囲,31,21,300,500,-
114,天使,エンジェルサイクロン,"1,399,999",1,6,"76,000","456,000",範囲,5,1,70,"3,000",-
115,天使,天使カバちゃん,"55,000",2,9,"1,800","2,000",範囲,27,8,170,450,-
116,天使,天使ガブリエル,"13,000",10,50,"1,550","1,134",範囲,41,3,80,250,-
117,天使,天使ゴンザレス,"98,000",6,32,"5,567","10,438",範囲,16,6,165,500,-
118,メタルな敵,天使愛好家,5,5,4,1,-,単体,605,6,800,1,メタル（被ダメージ1 ※クリティカルを除く）
119,白い敵,カベわんこ,"30,000",1,4,460,205,範囲,67,8,110,200,-
120,赤い敵,赤毛のにょろ,"12,000",5,22,"1,800","3,375",単体,16,10,120,130,-
121,天使,マンボーグ鈴木,"1,200,000",4,3,"9,260","1,076",範囲,258,59,840,"3,333",30％の確率で90F動きを遅くする
122,メタルな敵,お祝いケーキわんこ,50,5,4,1,-,範囲,31,5,110,2,メタル（被ダメージ1 ※クリティカルを除く）
123,黒い敵,ドラリー魔法使い,500,2,5,"2,200",445,範囲,148,29,350,"1,500",-
124,黒い敵,ドラリー剣士,150,1,9,75,173,単体,13,4,110,350,-
125,浮いてる敵,ド鳩・サブ・レー,"8,300",2,18,"1,200",818,単体,44,5,205,300,100％の確率でLv1波動（射程 467.5）
126,黒い敵,ブラッコ,"175,000",2,9,"6,497","8,474",範囲,23,14,190,250,-
127,天使,天使スレイプニール,"363,000",2,5,"2,247","4,494",範囲,15,9,372,905,15％の確率でふっとばす
128,メタルな敵,日の出わんこ,215,1,0,1,-,範囲,421,42,"2,000","2,015","メタル（被ダメージ1 ※クリティカルを除く）
 100％の確率で60F動きを止める
 無効（波動 烈波 ふっとばす 止める 遅くする 攻撃力低下）"
129,浮いてる敵,ネコマッチョ,"1,200,000",8,24,"5,500","10,312",範囲,16,7,275,"8,888",-
130,白い敵,ネコダンサー,"1,500,000",5,9,"21,400","6,420",範囲,100,35,435,"2,220",-
131,白い敵,Hyper Mr.,"478,000",8,14,"4,837","9,069",範囲,16,2,162,"1,100",-
132,白い敵,猫縛り極上,"500,000",4,5,"9,643","4,317",範囲,67,6,320,960,-
133,黒い敵,暗黒嬢,"1,248,000",2,3,"7,880","19,700",範囲,12,6,244,"1,920",-
134,白い敵,重機C・A・T,"1,500,000",5,20,"16,000","2,874",範囲,167,8,400,"1,950",-
135,白い敵,ネコぺろきゃん,"300,000",5,7,777,932,範囲,25,6,500,"1,666",-
136,白い敵,イチリンリン,"288,000",6,10,"5,800","3,702",範囲,47,16,370,"1,200",-
137,浮いてる敵,ムササビネコ忍者,"1,000,000",3,4,"7,220","12,033",範囲,18,6,240,"1,980",-
138,白い敵,ネコボーン,"25,000",1,4,"18,000","17,419",範囲,31,16,150,250,-
139,白い敵,ネコパティシエ,"1,400,000",4,6,"7,200","9,000",範囲,24,18,235,"1,900",50％の確率で60F動きを遅くする
140,白い敵,ネコにぎり,"133,300",2,18,"4,440","3,917",範囲,34,12,220,500,3連続攻撃 1480 1480 1480（12F 20F 28F）
141,白い敵,ネコアミーゴ,"17,500",3,8,"5,700","5,343",範囲,32,14,250,200,50％の確率でふっとばす
142,白い敵,ねこななふん,"180,000",5,7,"1,600","1,066",範囲,45,6,655,950,-
143,赤い敵,綾小路 翔,"504,649",3,4,"14,649","2,696",範囲,163,2,210,460,-
144,白い敵,早乙女 光,"99,999",3,4,"2,000",368,範囲,163,2,270,460,-
145,白い敵,西園寺 瞳,"45,000",3,4,400,73,範囲,163,2,90,460,-
146,白い敵,星グランマニエ,"4,000",8,4,350,64,範囲,163,2,330,460,-
147,白い敵,白鳥松竹梅,"1,500",3,4,150,27,範囲,163,2,150,460,-
148,白い敵,はぐれたヤツ,500,1,20,200,399,範囲,15,10,220,75,15％の確率でふっとばす
149,メタルな敵,メタルわんこ,30,3,16,"2,000","3,333",範囲,18,8,120,300,メタル（被ダメージ1 ※クリティカルを除く）
150,赤い敵,コニャンダム,"669,000",3,2,"17,200","2,388",範囲,216,77,620,"2,200",-
151,黒い敵,松 黒蔵,"460,000",1,3,"16,000","2,566",範囲,187,8,410,"1,200",-
152,浮いてる敵,工房マンボウ,1,1,5,360,108,単体,100,11,350,30,-
153,浮いてる敵,マンボ王,"3,000",1,4,"3,000",428,単体,210,11,500,600,-
154,浮いてる敵,ハマンボ崎あゆみ,"240,000",1,4,"5,555",465,範囲,358,59,800,"3,333",-
155,赤い敵,カニ,"2,500",2,5,250,163,範囲,46,1,180,400,-
156,浮いてる敵,いわし,120,2,7,30,15,単体,59,2,125,50,-
157,浮いてる敵,いか,90,3,8,18,10,単体,50,1,110,25,-
158,白い敵,マーチン,"210,000",4,7,"4,800","4,800",範囲,30,21,320,900,-
159,白い敵,ハルドロイド,"400,000",2,5,"11,111","1,328",範囲,251,8,440,"2,000",-
160,白い敵,タクヤ,"20,000",2,22,"1,200",356,範囲,101,22,310,660,-
161,浮いてる敵,ユキ,"75,000",3,5,"3,300",289,範囲,342,43,500,"2,222",-
162,天使,天使ヒオコエル,"160,000",3,8,"13,000","3,513",範囲,111,32,370,770,25％の確率で60F動きを止める
163,白い敵,極道にゃんこ,"7,500",3,8,250,202,単体,37,8,170,150,-
164,白い敵,ヤクザヴァンパイア,"40,000",1,6,"1,200",413,範囲,87,18,255,893,20％の確率で90F動きを止める
165,白い敵,ハルシュト,"450,000",5,14,"15,000","4,455",単体,101,14,600,"1,500",40％の確率でクリティカル
166,浮いてる敵,コーネリア,"99,999",3,13,900,177,範囲,152,53,430,300,-
167,白い敵,アロイス,"5,000",2,12,450,249,範囲,54,28,270,250,-
168,白い敵,にゃんこ化癒術士,"1,255,500",5,23,"8,850","3,360",範囲,79,20,330,"1,400",50％の確率で30F動きを止める
169,エイリアン,エイリワン,900,3,8,150,109,単体,41,8,120,90,-
170,エイリアン,ワーニック,"3,000",4,8,900,870,単体,31,6,130,130,-
171,エイリアン,カーバチャン,"7,000",2,12,200,181,範囲,33,8,222,350,-
172,エイリアン,ゴマサーマン,"15,000",2,5,500,365,範囲,41,6,220,500,20％の確率で60F動きを遅くする
173,"浮いてる敵
 エイリアン",レディ・ガ,"17,777",1,15,777,264,範囲,88,34,370,"1,555",30％の確率で60F動きを止める
174,エイリアン,デカメガネル,"20,000",7,18,800,750,単体,32,9,249,250,25％の確率で300F攻撃力20％に低下
175,エイリアン,ヤドカリー,"9,000",2,6,300,183,範囲,49,6,170,170,100％の確率で1度だけ生き残る
176,"浮いてる敵
 エイリアン",カヲルさん,"44,444",4,11,"1,333",605,範囲,66,37,366,"1,111",30％の確率で60F動きを止める
177,エイリアン,クマンチュー,"30,000",6,8,"1,000",447,範囲,67,4,350,"1,500",残り体力50％以下で攻撃力100％上昇
178,"浮いてる敵
 エイリアン",破壊生物クオリネン,"120,000",8,3,"1,400",135,範囲,310,71,760,"5,000",20％の確率で300F攻撃力10％に低下
179,エイリアン,イノヴァルカン,"160,000",2,9,"1,799","3,174",範囲,17,8,125,"1,800",50％の確率でふっとばす
180,エイリアン,エリザベス56世,"60,000",4,10,250,131,範囲,57,12,170,500,100％の確率でLv3波動（射程 867.5）
181,"浮いてる敵
 エイリアン",スペースサイクロン,"1,499,999",3,4,"9,999","59,994",範囲,5,1,240,999,"10％の確率で300F攻撃力10％に低下
 残り体力30％以下で攻撃力200％上昇"
182,エイリアン,ギャラクシーニャンダム,"144,444",3,2,"4,444",471,範囲,283,104,600,"3,000",50％の確率で120F動きを遅くする
183,"浮いてる敵
 エイリアン",反逆のヴァルキリー,"555,555",5,18,"7,000","3,559",範囲,59,20,350,"2,222",残り体力40％以下で攻撃力100％上昇
184,エイリアン,ハサミーマン,"24,000",3,24,"2,800","1,647",範囲,51,12,199,700,20％の確率でふっとばす
185,エイリアン,サイバーX,"120,000",1,4,"2,200","4,125",範囲,16,8,60,800,-
186,エイリアン,プドール夫人,"4,500",4,15,"3,750","2,743",単体,41,17,160,"1,000",残り体力75％以下で攻撃力100％上昇
187,赤い敵,教授,"320,000",4,4,"6,800","8,499",範囲,24,1,501,"2,000",20％の確率で60F動きを遅くする
188,メタルな敵,DL記念ケーキわんこ,100,1,4,1,-,単体,31,5,110,"2,000",メタル（被ダメージ1 ※クリティカルを除く）
189,浮いてる敵,リオレウス,"300,000",4,4,"7,040",617,範囲,342,73,520,"2,250",残り体力75％以下で攻撃力25％上昇
190,浮いてる敵,リオレイア,"480,000",2,6,"9,900","2,284",範囲,130,45,320,"1,800","50％の確率で200F攻撃力50％に低下
 残り体力50％以下で攻撃力50％上昇"
191,白い敵,マーズピープル,125,2,7,50,15,単体,96,77,300,60,-
192,白い敵,モーデン元帥,"450,000",2,4,"11,500","2,574",範囲,134,15,420,"1,900",-
193,白い敵,アレン・オニール,"6,000",2,8,600,169,単体,106,1,400,450,100％の確率で1度だけ生き残る
194,白い敵,マルコ,"1,500",2,8,125,61,範囲,61,2,160,180,-
195,白い敵,SV-001,"7,500",3,24,400,187,単体,64,15,400,600,-
196,白い敵,ヒュージハーミット,"60,000",1,7,"1,111",833,範囲,40,9,166,"1,000",-
197,白い敵,ジュピターキング,"250,000",1,5,"7,500",566,範囲,397,38,570,"1,800",100％の確率でふっとばす
198,浮いてる敵,ハイドゥ,"750,000",3,6,"21,000","1,842",範囲,342,33,480,"2,100",-
199,白い敵,わんぷきん,540,2,5,24,13,単体,54,15,110,90,-
200,浮いてる敵,まゆげ伯爵,"166,000",2,12,"6,600","1,706",範囲,116,44,370,"1,600","50％の確率でふっとばす
 50％の確率で90F動きを遅くする"
201,浮いてる敵,ドバット,"6,300",3,16,800,545,範囲,44,5,200,150,-
202,浮いてる敵,光の神徒ヴァルキリー,"2,400",3,7,120,73,単体,49,10,280,250,-
203,浮いてる敵,神徒ブリュンヒルデ,"30,000",4,8,800,857,単体,28,9,250,660,-
204,浮いてる敵,神徒スルズ,"45,000",2,6,"1,888",726,範囲,78,9,300,990,-
205,浮いてる敵,豊穣の女神フレイヤ,"165,000",3,5,100,12,範囲,239,40,700,"1,250",75％の確率で120F動きを遅くする
206,白い敵,軍神オーディン,"550,000",4,4,"15,500","1,295",範囲,359,54,555,"2,500",-
207,赤い敵,カルピンチョ,"530,000",3,7,"52,000","29,433",単体,53,14,335,350,15％の確率でクリティカル
208,赤い敵,バトルコアラッキョ,"920,000",1,5,"7,444","3,722",範囲,60,21,160,900,100％の確率でLv12波動（射程 2667.5）
209,浮いてる敵,ツバメンズ,"19,000",10,99,"15,000","3,284",範囲,137,1,150,150,-
210,"浮いてる敵
 エイリアン",よっちゃん,"45,000",1,5,"1,200",562,範囲,64,15,500,600,50％の確率で150F攻撃力10％に低下
211,エイリアン,アルパッカ,"175,000",2,6,"1,750",583,範囲,90,11,550,"1,200","対 お城 与ダメx4
 残り体力1％以下で攻撃力900％上昇
 100％の確率で1度だけ生き残る"
212,エイリアン,ヨキカナ,"360,000",2,12,"12,500",997,範囲,376,27,500,"1,500",100％の確率でふっとばす
213,"浮いてる敵
 エイリアン",パラサイトブンブン,"750,000",5,18,"8,888","8,601",範囲,31,20,200,"4,000",5％の確率でLv1波動（射程 467.5）
214,"浮いてる敵
 エイリアン",暴走のネコムート,"1,222,222",10,40,"44,444","38,094",範囲,35,5,320,"4,444",3連続攻撃 44000 222 222（5F 10F 20F）
215,赤い敵,ナカイサンタ,"122,500",10,20,"5,963","3,650",範囲,49,20,300,"1,225",30％の確率でふっとばす
216,白い敵,剣士,"1,800",3,7,90,61,単体,44,11,150,50,-
217,白い敵,騎馬兵,"5,000",4,15,225,173,単体,39,20,175,150,-
218,白い敵,アシュラ,"22,500",2,6,999,544,範囲,55,16,240,360,30％の確率でふっとばす
219,浮いてる敵,バトルバルーン,"35,000",1,4,"1,000",666,範囲,45,16,333,800,-
220,浮いてる敵,ドラゴンライダー,"40,000",3,6,"2,250","1,088",単体,62,23,300,400,-
221,白い敵,プリティキャット,"50,000",4,10,"2,666","1,701",範囲,47,22,255,666,-
222,白い敵,サイクロプス,"160,000",2,5,"4,500","1,163",範囲,116,37,420,"1,500",-
223,白い敵,ゴーレム,"225,000",1,2,"10,000",821,範囲,365,16,500,"2,000",50％の確率で120F動きを遅くする
224,白い敵,明王の剣士,"2,400",3,7,120,81,単体,44,11,150,50,-
225,白い敵,迅雷の黒騎馬兵,"6,500",4,18,255,196,単体,39,20,175,150,-
226,白い敵,傾奇者のアシュラ,"27,500",2,6,"1,111",606,範囲,55,16,240,360,50％の確率でふっとばす
227,浮いてる敵,バトルバルーンUFO,"40,000",1,4,"1,200",800,範囲,45,16,333,800,-
228,浮いてる敵,フレイムドラゴンライダー,"45,000",3,6,"2,500","1,209",単体,62,23,300,400,-
229,白い敵,サイバープリティキャット,"55,000",4,10,"3,333","2,127",範囲,47,22,255,666,-
230,白い敵,時空のサイクロプス,"200,000",2,5,"4,750","1,228",範囲,116,37,420,"1,500",-
231,白い敵,ボルケーノゴーレム,"250,000",1,3,"11,111",913,範囲,365,16,500,"2,000",75％の確率で120F動きを遅くする
232,白い敵,にゃんこ囚人,"1,500,000",4,5,"12,000","2,975",範囲,121,32,525,"1,555",遠方範囲攻撃（500～700）
233,白い敵,ネコ紳士同盟,"750,000",3,6,"4,000",574,範囲,209,18,499,"1,500",100％の確率で90F動きを止める
234,天使,断罪天使クオリネル,"2,400,000",4,4,"32,000","6,620",範囲,145,71,600,"5,000","30％の確率で120F動きを遅くする
 遠方範囲攻撃（400～1200）"
235,浮いてる敵,ニャラジン,"900,000",4,10,"6,450","2,976",範囲,65,51,190,"1,600",100％の確率でLv1波動（射程 467.5）
236,白い敵,サホリ,"2,400,000",3,4,"17,500","14,189",単体,37,18,300,"2,000",-
237,白い敵,ドリュウ,"420,000",8,4,"4,500","1,125",範囲,120,61,450,900,"100％の確率でふっとばす
 遠方範囲攻撃（350～900）"
238,浮いてる敵,ハリケーンサイクロン,"750,000",3,4,"3,666","18,330",範囲,6,1,650,"3,000",遠方範囲攻撃（250～650）
239,白い敵,ニャームス,"140,000",2,7,"8,000","1,004",範囲,239,50,450,"1,500",75％の確率で60F動きを止める
240,白い敵,ポチ,"35,000",3,12,"8,000","3,200",単体,75,16,175,500,-
241,白い敵,クロミ,"12,000",4,15,"3,000","2,903",単体,31,11,150,150,2連続攻撃 1500 1500（11F 19F）
242,白い敵,せつ子,"70,000",1,5,"6,000","1,208",範囲,149,30,350,750,50％の確率でふっとばす
243,白い敵,ねば～る君,"120,000",3,10,"5,000",724,範囲,207,28,420,"1,000",75％の確率で90F動きを遅くする
244,白い敵,大狂乱のネコモヒカン,"4,800,000",3,8,"13,880","23,133",範囲,18,8,240,"1,980",-
245,白い敵,大狂乱のゴムネコ,"4,800,000",1,2,"45,360","20,310",範囲,67,8,390,"2,370",対 お城 与ダメx4
246,白い敵,大狂乱の暗黒ネコ,"2,100,000",3,7,"6,800","12,750",範囲,16,8,360,"2,000",65％の確率で150F動きを止める
247,白い敵,大狂乱のムキあしネコ,"300,000",2,6,"9,990","6,376",範囲,47,8,100,810,100％の確率でLv4波動（射程 1067.5）
248,白い敵,大狂乱のネコライオン,"300,000",2,28,"6,600","19,800",単体,10,6,100,300,-
249,浮いてる敵,大狂乱の天空のネコ,"2,680,000",1,2,"32,000","5,680",範囲,169,20,640,"1,999",-
250,白い敵,大狂乱のネコ島,"227,000",1,6,"10,200","17,000",範囲,18,10,260,520,3％の確率でクリティカル
251,白い敵,大狂乱のネコキングドラゴン,"700,000",8,7,"2,900","1,775",範囲,49,10,785,"1,350",-
252,白い敵,大狂乱のネコジャラミ,"3,560,000",5,4,"22,000","8,148",範囲,81,47,320,"2,125","100％の確率でふっとばす
 50％の確率で200F動きを遅くする
 25％の確率でLv7波動（射程 1667.5）"
253,浮いてる敵,キスヨリ・ス・ゴイ,"650,000",4,30,"8,500","4,180",範囲,61,8,400,"1,500",-
254,白い敵,マダム・ザ・サバンナ,"1,222,200",2,8,"14,400","12,705",範囲,34,12,270,"1,500","3連続攻撃 4800 4800 4800（12F 20F 28F）
 100％の確率で1度だけ生き残る"
255,白い敵,コールセンターのOL,"400,000",2,6,"12,500","3,232",範囲,116,80,360,"1,800",50％の確率でふっとばす
256,天使,ミスターエンジェル,"13,500",8,45,"1,600","1,714",範囲,28,9,160,75,30％の確率で150F攻撃力50％に低下
257,"赤い敵
 黒い敵",キョセーヌ,"250,000",4,10,"12,000","2,748",単体,131,32,240,950,100％の確率でLv2波動（射程 667.5）
258,黒い敵,タッちゃん,"128,000",2,6,"9,000","2,231",範囲,121,32,400,600,遠方範囲攻撃（600～850）
259,白い敵,チワワン伯爵,"1,000,000",25,5,"24,000","2,676",範囲,269,39,600,"9,999","3連続攻撃 8000 8000 8000（39F 69F 98F）
 100％の確率でふっとばす
 遠方範囲全方位攻撃（-500～1000）"
260,白い敵,わんこずきんミーニャ,"1,200,000",1,5,"22,222","1,109",範囲,601,76,"1,500","5,000",遠方範囲攻撃（2800～3700）
261,白い敵,タクヤとビューティユキ,"750,000",3,22,"8,800","2,181",範囲,121,22,410,"1,980",-
262,白い敵,凧にゃん,"500,000",3,6,"7,500","1,859",範囲,121,54,450,"1,200",遠方範囲攻撃（400～550）
263,天使,イノエンジェル,"1,440,000",5,24,"17,700","48,272",範囲,11,8,155,"2,000",-
264,白い敵,やぐらわんこ,"300,000",1,0,100,11,範囲,251,52,"1,800","1,600",100％の確率で30F動きを止める
265,白い敵,ぼったくラッコ,"120,000",2,9,"2,497","3,256",範囲,23,14,180,600,50％の確率でふっとばす
266,白い敵,なめこ,360,3,6,70,18,単体,113,52,125,60,-
267,白い敵,剛拳にゃんこG,"1,200,000",5,6,"40,000","19,672",単体,61,11,410,"2,200","3連続攻撃 8000 2000 30000（11F 15F 35F）
 100％の確率でふっとばす"
268,白い敵,ヒカル,"1,000,000",4,4,"2,500",375,範囲,200,27,450,"1,800","100％の確率で200F動きを止める
 遠方範囲攻撃（650～1300）"
269,赤い敵,般若我王,"1,000,000",3,3,"36,000","7,152",範囲,151,24,800,"4,500",100％の確率で150F攻撃力25％に低下
270,メタルな敵,ダンボールわんこ,100,1,0,1,-,単体,509,499,200,"1,500",メタル（被ダメージ1 ※クリティカルを除く）
271,白い敵,ふてニャン,700,2,6,130,33,範囲,116,27,135,300,-
272,白い敵,ネコ棒倒し,"250,000",4,6,"1,250",961,範囲,39,8,500,800,-
273,"浮いてる敵
 エイリアン",森の蜜子,"1,555,555",5,3,"12,222","3,703",範囲,99,36,999,"4,444","100％の確率で222F動きを遅くする
 遠方範囲攻撃（888～1332）"
274,浮いてる敵,ちびぶんぶん,"29,997",5,38,"1,125","1,088",範囲,31,20,150,300,-
275,魔女,ゲルルート,"150,000",3,7,"7,500","1,859",範囲,121,49,320,"1,200",-
276,魔女,シャルロッテ,"300,000",2,8,"12,000","3,243",範囲,111,65,380,"1,500",-
277,魔女,シャルロッテ,"30,000",2,5,"6,000","2,812",範囲,64,25,150,500,-
278,魔女,キルステン,"750,000",3,9,"20,000","13,043",範囲,46,9,250,"2,000",-
279,魔女,ワルプルギスの夜,"2,400,000",2,8,"40,000","7,947",範囲,151,111,400,"8,000","100％の確率で75F動きを遅くする
 100％の確率でクリティカル
 対 お城 与ダメx4
 遠方範囲全方位攻撃（-2000～1500）
 無効（波動 ふっとばす 止める 遅くする 攻撃力低下）"
280,白い敵,キュゥべえ,"3,000",3,9,600,276,単体,65,26,145,150,-
281,白い敵,ネコ火祭り,"724,300",2,6,"11,111","5,464",範囲,61,22,350,"1,250",残り体力50％以下で攻撃力100％上昇
282,黒い敵,イノワール,"1,150,000",2,36,"20,000","46,153",範囲,13,8,145,"2,000",残り体力50％以下で攻撃力50％上昇
283,白い敵,文化祭のカンバン娘,"3,600",3,6,80,45,範囲,53,6,330,300,-
284,白い敵,売り子エル,"96,000",2,10,"3,600","1,770",範囲,61,32,320,480,50％の確率で150F攻撃力50％に低下
285,無属性な敵,木人城,100,0,0,"999,999","49,261",範囲,609,10,300,0,無効（波動 ふっとばす 止める 遅くする 攻撃力低下）
286,ゾンビ,ゾンビワン,"15,000",2,8,"1,800","1,148",範囲,47,8,100,45,"射程圏に入ると500F地中移動（1回）
 倒された240F後に体力50％で蘇生（1回）"
287,ゾンビ,にょろろん,"16,000",2,10,"2,000","1,621",範囲,37,10,120,60,"射程圏に入ると1500F地中移動（1回）
 倒された180F後に体力50％で蘇生（1回）"
288,ゾンビ,カバタリアン,"40,000",1,3,"4,000","2,105",範囲,57,28,180,200,"30％の確率で120F動きを遅くする
 射程圏に入ると625F地中移動（1回）
 倒された360F後に体力50％で蘇生（1回）"
289,ゾンビ,トンシー,"48,000",2,8,"3,600","2,037",範囲,53,14,160,300,"30％の確率でふっとばす
 射程圏に入ると750F地中移動（1回）
 倒された480F後に体力100％で蘇生（1回）"
290,ゾンビ,ジャッキー・ペンZ,"42,000",3,9,"8,000","8,888",単体,27,16,150,150,"射程圏に入ると1125F地中移動（1回）
 倒された180F後に体力50％で蘇生（1回）"
291,ゾンビ,ゴリ・ンジュ,"50,000",2,15,"3,789","7,104",範囲,16,8,165,500,"射程圏に入ると625F地中移動（1回）
 倒された360F後に体力100％で蘇生（1回）"
292,ゾンビ,ブチゴマさま,"75,000",2,12,"4,500","6,428",範囲,21,6,170,450,"20％の確率で90F動きを止める
 射程圏に入ると1500F地中移動（1回）
 倒された480F後に体力50％で蘇生（1回）"
293,ゾンビ,スカルボクサー,"100,000",2,18,"7,997","8,272",範囲,29,1,175,900,"3連続攻撃 6800 400 797（1F 8F 16F）
 射程圏に入ると1125F地中移動（1回）
 倒された240F後に体力100％で蘇生（1回）"
294,ゾンビ,ワニボン,"15,000",1,15,"5,000","8,333",単体,18,6,120,90,"30％の確率で150F攻撃力50％に低下
 射程圏に入ると375F地中移動（1回）
 倒された480F後に体力50％で蘇生（1回）"
295,ゾンビ,墓手太郎,"750,000",2,4,"15,000","7,500",範囲,60,22,250,"2,500","100％の確率でふっとばす
 倒された120F後に体力100％で蘇生（1回）"
296,ゾンビ,アンデッドサイクロン,"1,222,222",4,4,"44,444","266,664",範囲,5,1,120,"3,000",倒された120F後に体力100％で蘇生（無制限）
297,白い敵,フィッシュ・ド・ノエル,"1,500,000",3,10,"8,888","10,665",範囲,25,8,250,"1,800",-
298,メタルな敵,メガにゃんこEX,297,1,1,"99,999","7,518",範囲,399,160,"1,500","9,999",メタル（被ダメージ1 ※クリティカルを除く）
299,メタルな敵,4周年記念ケーキわんこ,50,5,4,1,-,範囲,31,20,110,4,メタル（被ダメージ1 ※クリティカルを除く）
300,無属性な敵,テレビちゃん城,100,1,0,"999,999","46,224",範囲,649,50,300,0,無効（波動 ふっとばす 止める 遅くする 攻撃力低下）
301,浮いてる敵,W,50,1,60,80,55,単体,43,4,100,10,-
302,浮いてる敵,W,50,1,30,80,55,単体,43,4,100,10,-
303,浮いてる敵,W,50,1,40,80,55,単体,43,4,100,10,-
304,白い敵,ネコ博士,"30,000",3,10,900,540,単体,50,11,145,450,20％の確率でクリティカル
305,ゾンビ,墓手花子,"720,000",24,4,"25,000","12,500",範囲,60,22,150,"2,500","射程圏に入ると500F地中移動（無制限）
 倒された240F後に体力100％で蘇生（1回）"
306,ゾンビ,オオさん,"300,000",1,3,"60,000","11,920",範囲,151,111,120,"2,000","対 お城 与ダメx4
 射程圏に入ると250F地中移動（無制限）
 倒された120F後に体力50％で蘇生（1回）"
307,メタルな敵,ピコ太郎,100,1,4,"99,999","6,912",範囲,434,145,500,"5,000",メタル（被ダメージ1 ※クリティカルを除く）
308,白い敵,パオンモス,"120,000",1,5,"3,200",581,範囲,165,6,400,"1,600",100％の確率でLv3波動（射程 867.5）
309,白い敵,アイスわんこ,"36,000",1,3,600,206,範囲,87,8,120,360,-
310,浮いてる敵,雪玉,1,1,75,400,1,単体,8002,1,100,1,-
311,ゾンビ,ヒツギイヌ,"40,000",1,4,650,291,範囲,67,8,120,300,倒された60F後に体力100％で蘇生（無制限）
312,ゾンビ,キャベロン,"120,000",1,6,"5,937","1,979",範囲,90,11,550,"1,500","対 お城 与ダメx4
 倒された240F後に体力100％で蘇生（無制限）"
313,黒い敵,殺意のネコ,"3,600",3,15,240,194,単体,37,8,140,100,-
314,無属性な敵,黒ネコの城,"3,000",1,0,100,3,単体,751,2,500,0,"100％の確率でLv20波動（射程 4267.5）
 無効（波動 ふっとばす 止める 遅くする 攻撃力低下）"
316,黒い敵,クロウサギ,"40,000",3,6,"1,600",545,範囲,88,21,330,500,-
317,無属性な敵,わんこの城,"1,500",1,0,50,1,単体,751,2,"1,000",0,"100％の確率でLv20波動（射程 4267.5）
 無効（波動 ふっとばす 止める 遅くする 攻撃力低下）"
318,ゾンビ,犬武者 武蔵,"800,000",50,5,"40,000","6,030",範囲,199,42,600,"4,000",倒された120F後に体力25％で蘇生（1回）
319,ゾンビ,亡者デブウ,"3,000,000",3,4,"30,000","2,307",範囲,390,91,300,"4,444","100％の確率で300F動きを遅くする
 遠方範囲全方位攻撃（-700～800）
 倒された600F後に体力10％で蘇生（無制限）
 無効（ふっとばす 止める 遅くする 攻撃力低下）"
320,白い敵,イルカ娘,"450,000",30,36,"7,500","2,184",範囲,103,44,150,750,遠方範囲攻撃（350～650）
321,浮いてる敵,メビウス,"400,000",3,6,"13,333",990,範囲,404,71,520,"3,000",-
322,白い敵,ベリアル,"100,000",8,33,"4,000",991,範囲,121,56,320,900,残り体力50％以下で攻撃力50％上昇
323,浮いてる敵,ハッピー100,"20,000",3,12,"1,200",480,範囲,75,38,300,200,-
324,白い敵,ちびネコモヒカン,"3,200,000",3,4,"10,880","18,133",範囲,18,8,240,"1,980",-
325,白い敵,ちびゴムネコ,"2,400,000",1,2,"30,240","15,915",範囲,57,8,390,"2,370",-
326,白い敵,ちび暗黒ネコ,"2,100,000",3,7,"5,500","10,312",範囲,16,8,360,"2,000",50％の確率で150F動きを止める
327,白い敵,ちびムキあしネコ,"200,000",2,6,"5,990","3,993",範囲,45,6,100,810,100％の確率でLv3波動（射程 867.5）
328,白い敵,ちびネコライオン,"300,000",2,28,"5,900","17,700",単体,10,6,100,300,-
329,浮いてる敵,天空のちびネコ,"1,780,000",1,2,"22,000","3,952",範囲,167,18,640,"1,999",-
330,白い敵,ちびネコ島,"247,000",1,8,"8,400","8,689",範囲,29,10,260,320,5％の確率でクリティカル
331,白い敵,ちびネコキングドラゴン,"300,000",4,7,"3,500","2,234",範囲,47,8,755,"1,350",-
332,白い敵,ちびネコジャラミ,"2,560,000",5,4,"12,000","4,675",範囲,77,18,320,"2,125",90％の確率でLv7波動（射程 1667.5）
333,白い敵,イースタールンルン,"150,000",2,8,"3,600","2,634",範囲,41,12,250,800,2連続攻撃 1800 1800（12F 24F）
334,白い敵,イースターウサ銀,"25,000",3,17,"1,500","1,285",単体,35,12,200,360,50％の確率でふっとばす
335,無属性な敵,イースターモアイ城,"1,200",1,0,15,3,範囲,131,12,600,0,無効（波動 ふっとばす 止める 遅くする 攻撃力低下）
336,白い敵,ウェディングケリ姫,"35,000",1,35,"5,200",861,範囲,181,4,"1,300","3,000",100％の確率でふっとばす
337,白い敵,ひたすら眠れるケリの美女,"800,000",4,5,"8,500","4,180",範囲,61,12,350,"2,600",-
338,白い敵,ゴールデンわんこ,"1,500",2,10,300,243,単体,37,8,110,750,-
339,白い敵,金カバちゃん,"40,000",1,6,"1,000",638,範囲,47,8,210,"2,000",20％の確率で90F動きを止める
340,メタルな敵,純金倶楽部,20,3,16,"2,400","4,235",範囲,17,4,260,540,メタル（被ダメージ1 ※クリティカルを除く）
341,浮いてる敵,失われし世界のユキ,"100,000",3,6,"3,800",471,範囲,242,43,480,"2,222",100％の確率で120F攻撃力50％に低下
342,天使,イカ天,"360,000",2,8,"108,000","36,000",単体,90,15,500,900,3連続攻撃 36000 36000 36000（15F 28F 41F）
343,赤い敵,なめ（赤）,"10,000",2,8,750,401,単体,56,27,140,200,-
344,黒い敵,なめ（黒）,"30,000",4,15,"1,250",815,範囲,46,27,170,500,-
345,天使,なめ（天使）,"75,000",3,6,"3,300","1,500",範囲,66,27,300,800,30％の確率で120F動きを遅くする
346,白い敵,にゃんこカートP,"750,000",5,24,"52,500","15,750",単体,100,25,350,960,3連続攻撃 17500 17500 17500（25F 50F 70F）
348,白い敵,にゃんことメルク,"99,000",2,34,"15,000","2,830",範囲,159,1,155,190,5％の確率でクリティカル
349,白い敵,ネコティティ,"1,000,000",4,8,"27,000","7,043",範囲,115,30,350,"1,600","3連続攻撃 9000 9000 9000（30F 39F 48F）
 50％の確率で210F動きを遅くする"
350,浮いてる敵,オルトス,"4,800",3,16,400,179,範囲,67,16,270,250,-
351,浮いてる敵,ミシェリア,"40,000",4,8,"2,000",197,範囲,304,29,440,750,-
352,浮いてる敵,とどめき,"320,000",2,11,"8,000","2,242",範囲,107,22,370,"1,250",50％の確率で120F動きを遅くする
353,白い敵,グレたまプレート,"5,000",3,10,799,406,単体,59,21,125,150,-
354,白い敵,ぐでぐでアラモード,"25,000",2,6,"1,250",412,範囲,91,10,250,450,50％の確率でふっとばす
355,白い敵,ニセたま軍団,"120,000",2,24,"4,999","1,785",範囲,84,53,330,900,-
356,白い敵,ネコ仙人,"4,000,000",12,8,"66,666","25,316",範囲,79,27,255,"2,222","3連続攻撃 22222 22222 22222（27F 34F 52F）
 100％の確率でLv5波動（射程 1267.5）"
357,白い敵,ケロ助,"360,000",4,3,"3,789",762,範囲,149,20,900,800,"100％の確率で1800F動きを遅くする
 遠方範囲攻撃（1100～1400）"
358,白い敵,ガリゴリくん,"36,000",4,24,"1,500","2,812",範囲,16,6,160,450,残り体力50％以下で攻撃力100％上昇
359,白い敵,にゃんこバーガーセット,"100,000",3,6,"3,000",-,範囲,-,18,360,"2,000",-
360,メタルな敵,メタルにょろ,55,3,16,300,310,単体,29,10,120,200,メタル（被ダメージ1 ※クリティカルを除く）
361,メタルな敵,はぐれケモルル,"2,400",2,24,"2,400",947,範囲,76,27,300,900,メタル（被ダメージ1 ※クリティカルを除く）
362,エイリアン（スター）,エリートエイリワン,"7,000",3,12,500,405,単体,37,8,120,100,35％の確率で750後方へワープさせる（10F）
363,エイリアン（スター）,スター・ペン,"14,000",2,14,750,937,単体,24,8,150,450,100％の確率で500後方へワープさせる（100F）
364,エイリアン（スター）,グレゴリー将軍,"15,000",5,15,567,"1,063",範囲,16,8,165,500,"バリア（6,000） ※規定値以下のダメ無効（一撃で規定値+1以上で破壊）"
365,エイリアン（スター）,ハハパオン,"10,000",1,4,"1,147",184,範囲,187,8,400,"1,000","バリア（40,000） ※規定値以下のダメ無効（一撃で規定値+1以上で破壊）"
366,エイリアン（スター）,巨匠,"12,800",4,4,149,186,範囲,24,1,451,"1,500",20％の確率で500後方へワープさせる（10F）
367,エイリアン（スター）,キャプテン・モグー,"16,000",6,6,222,36,範囲,180,61,300,750,"遠方範囲攻撃（300～600）
 バリア（2,500） ※規定値以下のダメ無効（一撃で規定値+1以上で破壊）
 30％の確率で250後方へワープさせる（40F）"
368,"浮いてる敵
 エイリアン（スター）",スペースマンボルグ,"30,000",3,6,"1,234",124,範囲,298,59,840,"2,222","バリア（12,000） ※規定値以下のダメ無効（一撃で規定値+1以上で破壊）"
369,浮いてる敵,神さま,"1,399,999",5,3,"53,997","4,487",範囲,361,90,"1,000","6,000",3連続攻撃 17999 17999 17999（90F 120F 150F）
370,白い敵,セイバー,"400,000",8,36,"8,000","3,428",範囲,70,15,300,"1,500",遠方範囲全方位攻撃（-350～350）
371,白い敵,ランサー,"240,000",3,10,"5,000",769,範囲,195,44,550,"1,600",100％の確率でふっとばす
372,白い敵,アーチャー,"300,000",5,9,"5,555",915,範囲,182,65,550,"1,800",遠方範囲攻撃（400～800）
373,白い敵,ライダー,"200,000",4,10,"6,000","1,065",範囲,169,40,450,"1,500",100％の確率で120F動きを止める
374,白い敵,ギルガメッシュ,"1,500,000",8,6,"15,000","4,054",範囲,111,64,600,"4,000","3連続攻撃 5000 5000 5000（64F 68F 74F）
 残り体力50％以下で攻撃力100％上昇
 遠方範囲攻撃（600～1100）"
375,白い敵,遠坂 凛,"20,000",3,11,"3,500",867,範囲,121,88,350,"2,250",-
376,白い敵,イリヤスフィール,"100,000",3,7,"5,600","1,423",範囲,118,71,400,"3,000","2連続攻撃 2800 2800（71F 89F）
 30％の確率で90F動きを遅くする"
377,"天使
 エイリアン（スター）",大夢くん,"50,000",4,12,"3,333",552,範囲,181,32,240,"1,250","100％の確率でLv3波動（射程 867.5）
 バリア（266,000） ※規定値以下のダメ無効（一撃で規定値+1以上で破壊）"
378,メタルな敵,5周年記念ケーキわんこ,100,1,3,1,-,範囲,50,30,110,4,メタル（被ダメージ1 ※クリティカルを除く）
379,エイリアン（スター）,スーパースペースサイクロン,"666,666",3,6,555,"3,330",範囲,5,1,275,"3,333",100％の確率で500後方へワープさせる（1F）
380,無属性な敵,5周年記念木人城,100,0,0,"999,999","49,261",範囲,609,10,300,0,無効（波動 ふっとばす 止める 遅くする 攻撃力低下）
381,天使,天使ブッタ,"800,000",4,12,"6,000","8,181",範囲,22,14,170,"1,200","100％の確率で150F攻撃力10％に低下
 遠方範囲全方位攻撃（-340～340）"
382,白い敵,謎仮面のウララー,"2,250,000",10,30,"25,000","12,295",範囲,61,39,200,"3,000","遠方範囲全方位攻撃（-400～400）
 100％の確率で1500後方へワープさせる（1F）"
383,白い敵,猫塚かりん,"320,000",4,20,"6,000","1,782",範囲,101,14,350,"1,600",100％の確率で60F動きを止める
384,白い敵,紺野美崎,"720,000",2,12,"20,000","9,230",範囲,65,29,160,"1,400",-
385,白い敵,虹谷彩理,"360,000",3,10,"8,000","2,181",範囲,110,17,300,"1,800","100％の確率で150F攻撃力50％に低下
 遠方範囲全方位攻撃（-350～350）"
386,白い敵,片桐恋,"450,000",3,6,"4,500","4,218",範囲,32,17,150,"1,500",100％の確率でふっとばす
387,白い敵,ゲドーくん,"50,000",4,9,"5,000","2,678",単体,56,15,155,150,-
388,無属性な敵,ダイジョーブ博士城,"10,000",1,0,100,10,範囲,299,36,750,0,"100％の確率で150F動きを遅くする
 100％の確率で150F攻撃力50％に低下
 無効（波動 ふっとばす 止める 遅くする 攻撃力低下）"
389,赤い敵,ヒウマ,"248,000",4,6,"54,000","5,294",範囲,306,39,800,900,遠方範囲攻撃（1200～1500）
390,エイリアン（スター）,ウルトラメェメェ,500,3,10,"1,000",697,単体,43,14,110,75,"バリア（266,000） ※規定値以下のダメ無効（一撃で規定値+1以上で破壊）"
391,赤い敵,合格野郎,"30,000",2,10,"1,000",937,範囲,32,24,330,250,30％の確率でふっとばす
392,白い敵,だっふんと機関銃,"180,000",1,8,"7,500","3,515",範囲,64,2,240,"1,000",50％の確率で90F動きを遅くする
393,白い敵,めんトリ,900,3,8,40,120,単体,10,7,120,450,-
394,使徒,サキエル,"120,000",3,6,"3,000",873,範囲,103,38,500,"3,000",100％の確率でふっとばす
395,使徒,ラミエル,"100,000",2,2,"15,000","1,253",範囲,359,130,"1,000","5,000","対 お城 与ダメx4
 遠方範囲全方位攻撃（-2500～2000）"
396,使徒,バルディエル,"500,000",4,4,"15,000","2,922",範囲,154,92,475,"7,000","100％の確率で150F攻撃力50％に低下
 遠方範囲攻撃（200～750）"
397,使徒,ゼルエル,"2,500,000",5,8,"150,000","24,999",範囲,180,53,400,"9,000","遠方範囲全方位攻撃（-3600～900）
 無効（波動 ふっとばす 止める 遅くする 攻撃力低下）"
398,白い敵,狂乱のもねこ,"2,400,000",12,5,"60,000","9,944",範囲,181,4,240,999,"3連続攻撃 20000 20000 20000（4F 19F 139F）※3撃目のみ他特性付加
 50％の確率でクリティカル
 100％の確率でLv5波動（射程 1267.5）"
399,白い敵,狂乱のスターもねこ,"2,400,000",12,5,"60,000","9,944",範囲,181,4,240,999,"3連続攻撃 20000 20000 20000（4F 19F 139F）※3撃目のみ他特性付加
 50％の確率でクリティカル
 100％の確率でLv5波動（射程 1267.5）"
400,白い敵,ペンライトなヤツ,1,1,8,1,-,単体,30,10,100,1,-
401,白い敵,ポコタ,"32,000",4,12,"5,000","2,000",範囲,75,52,400,550,2連続攻撃 2500 2500（52F 57F）
402,白い敵,オビス,"200,000",1,6,"3,000","1,111",範囲,81,27,220,750,-
403,白い敵,ココ,"120,000",2,10,"10,000","3,092",範囲,97,50,330,"1,000",100％の確率で100F攻撃力50％に低下
404,白い敵,太秦萌＆わんこ,"16,000",3,8,"1,650",426,範囲,116,56,400,800,遠方範囲攻撃（300～460）
405,白い敵,松賀咲＆わんこ,"150,000",2,26,"6,000","1,621",範囲,111,55,260,800,100％の確率で150F攻撃力50％に低下
406,白い敵,小野ミサ＆わんこ,"100,000",3,6,"4,000",714,範囲,168,39,480,800,100％の確率で100F動きを止める
407,浮いてる敵,レジェンドブンブンΩ,"3,000,000",10,23,"22,222","37,036",範囲,18,10,200,"6,000",遠方範囲全方位攻撃（-300～240）
408,古代種,真レジェンドブンブン,"3,000,000",5,13,"11,111","20,833",範囲,16,10,200,"6,000","遠方範囲全方位攻撃（-300～300）
 古代の呪い（100％の確率で300F特殊能力封印）"
409,古代種,古代わんこ,"75,000",3,20,"12,000","8,571",範囲,42,4,120,100,古代の呪い（35％の確率で100F特殊能力封印）
410,浮いてる敵,狂乱のユキ,"240,000",6,15,"9,900","1,227",範囲,242,43,300,"2,222",遠方範囲全方位攻撃（-450～450）
411,白い敵,ぐでわんこマシン,"250,000",2,9,"36,000","4,044",範囲,267,92,390,"3,000",100％の確率で180F動きを止める
412,白い敵,ぐでベネにゃんこ,"130,000",2,7,"8,000","3,529",範囲,68,26,420,500,100％の確率で120F動きを遅くする
413,エイリアン,ゴリ男氏,"200,000",4,15,"2,025","3,796",範囲,16,6,225,"1,800",50％の確率で500後方へワープさせる（10F）
414,古代種,イングリッス,"50,000",5,40,"12,500","28,846",単体,13,6,110,50,古代の呪い（100％の確率で150F特殊能力封印）
415,古代種,コライノくん,"2,400,000",1,4,"12,000","30,000",範囲,12,6,80,"1,000",古代の呪い（100％の確率で300F特殊能力封印）
416,"浮いてる敵
 古代種",超町長,"800,000",1,20,"11,111","3,787",範囲,88,34,340,"1,500","遠方範囲全方位攻撃（-440～440）
 古代の呪い（100％の確率で60F特殊能力封印）"
418,黒い敵,ナミエちゃん,"400,000",3,15,"9,000","6,585",範囲,41,17,270,"1,800","100％の確率でふっとばす
 40％の確率で200F動きを遅くする"
419,エイリアン（スター）,マナブくん,"40,000",1,50,50,3,範囲,450,44,100,"1,000","バリア（15,000） ※規定値以下のダメ無効（一撃で規定値+1以上で破壊）"
420,エイリアン（スター）,ゲコック,700,4,6,100,7,範囲,379,20,450,150,"遠方範囲攻撃（400～550）
 バリア（65,000） ※規定値以下のダメ無効（一撃で規定値+1以上で破壊）
 100％の確率で250後方へワープさせる（30F）"
421,白い敵,神さま（本気）,"1,499,999",5,3,"67,997","5,087",範囲,401,90,300,"6,000","3連続攻撃 999 999 65999（90F 150F 300F）※1・2撃目のみ他特性付加
 100％の確率でふっとばす
 100％の確率で50F動きを遅くする
 遠方範囲全方位攻撃（-1000～1000）"
422,古代種,ダテメガネル,"360,000",6,9,"6,000","1,200",範囲,150,11,449,750,"遠方範囲攻撃（500～800）
 古代の呪い（100％の確率で150F特殊能力封印）"
423,天使,大天使エルファント,"600,000",1,6,"12,000","7,200",範囲,50,29,320,"4,590",残り体力50％以下で攻撃力100％上昇
424,赤い敵,レッドヘルクマッチョ,"400,000",10,20,"4,400","3,666",範囲,36,7,300,"2,000",100％の確率でふっとばす
425,"浮いてる敵
 古代種",古我王,"1,111,111",1,2,"6,000","4,390",範囲,41,24,500,"3,000",古代の呪い（100％の確率で300F特殊能力封印）
426,古代種,オールドリー,"1,360,000",10,32,"9,000","15,882",範囲,17,4,310,"1,080","100％の確率でふっとばす
 100％の確率で150F動きを遅くする
 古代の呪い（100％の確率で150F特殊能力封印）"
427,ゾンビ,ダッシュ死太郎,"200,000",2,25,"6,000","1,224",範囲,147,44,400,"1,000","遠方範囲攻撃（400～700）
 射程圏に入ると750F地中移動（1回）
 倒された240F後に体力100％で蘇生（1回）"
428,赤い敵,パワハラッコ部長,"160,000",2,10,"2,300","2,555",範囲,27,14,380,600,100％の確率で120F動きを止める
429,ゾンビ,クマンケン,"120,000",4,10,"5,000","7,894",範囲,19,6,360,"1,000","射程圏に入ると1125F地中移動（1回）
 倒された360F後に体力100％で蘇生（1回）"
430,ゾンビ,シノシシ,"400,000",2,22,"4,500","12,272",範囲,11,8,130,"1,800","射程圏に入ると1125F地中移動（1回）
 倒された150F後に体力50％で蘇生（1回）"
431,魔女,ホムリリィ,"9,000,000",3,4,"12,000","2,117",範囲,170,39,300,"9,000","100％の確率でふっとばす
 対 お城 与ダメx4
 100％の確率で150F攻撃力50％に低下
 遠方範囲全方位攻撃（-1800～1800）
 無効（波動 ふっとばす 止める 遅くする 攻撃力低下）"
432,エイリアン,サタンクロース,"99,999",3,12,"2,650","1,152",範囲,69,46,360,"1,500",100％の確率で750後方へワープさせる（40F）
433,黒い敵,ユメミちゃん,"500,000",10,4,"10,000","3,529",範囲,85,49,180,"1,000","100％の確率で150F動きを止める
 遠方範囲攻撃（50～1850）"
434,白い敵,ヒカキン,640,4,8,320,110,範囲,87,8,300,"2,000",-
435,白い敵,ムキャキン,"10,000",10,6,250,77,範囲,97,8,350,"3,000",100％の確率で45F動きを止める
436,浮いてる敵,獅子姉妹,"140,000",5,10,"8,000","2,727",範囲,88,34,375,"1,500",100％の確率で200F攻撃力50％に低下
437,メタルな敵,6周年記念ケーキわんこ,100,1,3,1,-,範囲,50,30,110,4,メタル（被ダメージ1 ※クリティカルを除く）
438,無属性な敵,6周年記念木人城,100,0,0,"999,999","49,261",範囲,609,10,300,0,無効（波動 ふっとばす 止める 遅くする 攻撃力低下）
439,黒い敵,幸福の犬,"100,000",1,14,"24,000","14,400",単体,50,13,380,300,-
440,古代種,エンシェントサイクロン,"2,333,333",1,18,"7,777","38,885",範囲,6,1,180,"3,000","残り体力50％以下で攻撃力200％上昇
 古代の呪い（100％の確率で450F特殊能力封印）"
441,赤い敵,ちびイノシャシ,120,2,7,8,21,範囲,11,8,100,210,-
442,"赤い敵
 黒い敵
 浮いてる敵
 天使
 エイリアン
 ゾンビ",レインボークマトーク,"50,000",3,30,"1,200",356,範囲,101,15,420,"1,000","3連続攻撃 400 400 400（15F 30F 60F）
 21％の確率でふっとばす
 33％の確率で90F動きを止める
 33％の確率で90F動きを遅くする
 33％の確率で90F攻撃力50％に低下
 21％の確率で500後方へワープさせる（30F）"
443,白い敵,セイバーオルタ,"1,200,000",8,40,"8,000","3,478",範囲,69,15,300,"3,000","100％の確率でLv3波動（射程 867.5）
 遠方範囲全方位攻撃（-375～375）"
444,白い敵,マドンナ先生,"240,000",6,10,"2,400",605,範囲,119,16,200,"2,000","100％の確率でふっとばす
 100％の確率でLv3波動（射程 867.5）"
445,エイリアン（スター）,ミニスターサイクロン,"44,444",2,14,666,"3,995",範囲,5,1,50,333,100％の確率で150前方へワープさせる（100F）
446,エイリアン（スター）,チンアナ5兄弟,"4,000",4,5,200,49,範囲,121,65,"1,800",200,"遠方範囲攻撃（1700～1950）
 100％の確率で1375前方へワープさせる（1F）"
447,エイリアン（スター）,ルーパールーパー,"50,000",5,10,"40,000",150,範囲,7980,111,450,"1,000","100％の確率でLv10波動（射程 2267.5）
 バリア（10,000） ※規定値以下のダメ無効（一撃で規定値+1以上で破壊）"
448,白い敵,ファイナルギガグランド神さま,"999,999",5,3,"73,997","4,944",範囲,449,90,800,"6,000","3連続攻撃 3999 3999 65999（90F 120F 150F）※1撃目のみ他特性付加
 100％の確率でLv12波動（射程 2667.5）
 100％の確率で1500後方へワープさせる（90F）"
449,"浮いてる敵
 エイリアン（スター）",スターフィリバスター,"2,000,000",200,30,"1,000,000","22,205",範囲,1351,1200,"2,000","6,000","遠方範囲攻撃（300～4300）
 無効（波動 ふっとばす 止める 遅くする 攻撃力低下）"
451,メタルな敵,柏餅2.0,15,1,10,"13,500","14,464",単体,28,14,110,160,メタル（被ダメージ1 ※クリティカルを除く）
452,古代種,土偶戦士ドグ丸,"1,000,000",3,15,"9,000","3,139",範囲,86,52,500,"3,000","遠方範囲全方位攻撃（-500～700）
 古代の呪い（100％の確率で600F特殊能力封印）"
454,白い敵,スーパーデビル,"50,000",2,4,"1,500","1,153",範囲,39,60,666,"2,000","100％の確率で120F動きを遅くする
 遠方範囲攻撃（400～800）"
455,白い敵,サタンマリア,"60,000",3,14,"5,000","1,562",範囲,96,51,345,"1,500",-
456,浮いてる敵,ワンダーマリア,"1,000,000",4,28,"33,333","10,416",範囲,96,51,345,"3,000","100％の確率でふっとばす
 遠方範囲全方位攻撃（-375～375）"
457,白い敵,魔肖ネロ,"111,111",3,9,"13,332","2,580",範囲,155,51,200,"1,000","3連続攻撃 4444 4444 4444（51F 90F 130F）
 遠方範囲全方位攻撃（-900～300）"
458,天使,ヘッドロココ,"1,500,000",4,18,"50,000","18,518",範囲,81,31,325,"4,500","100％の確率で120F動きを止める
 遠方範囲全方位攻撃（-350～425）"
459,白い敵,グミネコ,"100,000","100,000",12,1,-,単体,707,8,140,100,-
460,白い敵,きたろう,"17,000",3,9,"2,500",376,範囲,199,4,380,"1,000",100％の確率で60F動きを遅くする
461,白い敵,目玉おやじ,"35,000",3,8,800,289,範囲,83,24,210,"1,000",100％の確率で60F攻撃力50％に低下
462,白い敵,ねこ娘,"15,000",4,15,"1,500","1,071",範囲,42,13,280,"1,000",100％の確率でふっとばす
463,白い敵,カノとソウマ,"80,000",2,18,800,208,範囲,115,22,220,660,100％の確率でLv2波動（射程 667.5）
464,浮いてる敵,ゲキリンチー,"220,000",2,18,"17,000","7,083",範囲,72,33,340,750,-
465,白い敵,ジャッジメント,"180,000",3,10,"13,000","2,096",範囲,186,57,360,500,"2連続攻撃 6500 6500（57F 83F）
 100％の確率で120F動きを遅くする"
466,使徒,エヴァ第13号機 疑似シン化第3+形態（推定）,"4,000,000",6,4,"100,000","24,590",範囲,122,54,200,"10,000","100％の確率でふっとばす
 100％の確率で150F動きを止める
 100％の確率で750F攻撃力50％に低下
 残り体力50％以下で攻撃力100％上昇
 遠方範囲全方位攻撃（-3600～1200）
 無効（波動 ふっとばす 止める 遅くする 攻撃力低下）"
470,ゾンビ,チキランラン,"17,500",1,30,"17,000","19,615",範囲,26,4,120,200,"2連続攻撃 8500 8500（4F 13F）
 射程圏に入ると875F地中移動（1回）
 倒された600F後に体力100％で蘇生（1回）"
471,ゾンビ,スリラーズ,"10,000",1,18,"6,500","5,131",単体,38,10,110,75,"射程圏に入ると500F地中移動（2回）
 倒された240F後に体力100％で蘇生（1回）"
478,赤い敵,ドットヒーロー,"90,000",3,25,"2,500","1,153",範囲,65,8,300,450,50％の確率でふっとばす
479,古代種,フグ太くん,"400,000",400,40,"30,000","2,990",範囲,301,4,150,900,"遠方範囲全方位攻撃（-350～350）
 古代の呪い（100％の確率で300F特殊能力封印）"
480,メタルな敵,ちびケーキわんこ,22,1,3,1,-,単体,31,20,110,4,メタル（被ダメージ1 ※クリティカルを除く）
481,エイリアン,超新星テッサー,"900,000",400,40,"40,000","3,986",範囲,301,4,200,"4,500","100％の確率でふっとばす
 遠方範囲全方位攻撃（-500～500）"
482,白い敵,リュウ,"200,000",6,14,"4,000","1,558",範囲,77,16,380,"1,000",遠方範囲全方位攻撃（-400～600）
483,白い敵,春麗,"360,000",3,25,"5,100","3,923",範囲,39,8,360,"1,000","3連続攻撃 1700 1700 1700（8F 16F 24F）
 100％の確率でふっとばす"
484,白い敵,ガイル,"400,000",2,18,"10,500","2,625",範囲,120,25,420,"1,000","2連続攻撃 5250 5250（25F 33F）※2撃目のみ他特性付加
 100％の確率で120F動きを遅くする"
485,赤い敵,ザンギエフ,"750,000",1,7,"8,000","6,000",範囲,40,3,160,"1,000","2連続攻撃 4000 4000（3F 18F）
 遠方範囲全方位攻撃（-780～260）
 無効（ふっとばす 止める 遅くする 攻撃力低下）"
486,白い敵,ブランカ,"160,000",160,55,"13,000","4,193",範囲,93,5,150,"1,000",遠方範囲全方位攻撃（-340～340）
487,白い敵,ダルシム,"240,000",3,6,"13,500","3,521",範囲,115,8,390,"1,000","3連続攻撃 4500 4500 4500（8F 15F 22F）
 100％の確率で100F攻撃力50％に低下"
488,赤い敵,ケン,"600,000",2,16,"36,000","9,230",範囲,117,6,180,"1,000","3連続攻撃 12000 12000 12000（6F 10F 12F）※3撃目のみ他特性付加
 100％の確率でふっとばす
 遠方範囲全方位攻撃（-330～330）"
489,無属性な敵,？,"1,000",0,0,1,-,範囲,-,1,0,0,無効（波動 ふっとばす 止める 遅くする 攻撃力低下）
490,黒い敵,豪鬼,"1,200,000",6,18,"54,000","27,457",範囲,59,23,450,"1,000","3連続攻撃 18000 18000 18000（23F 27F 31F）
 遠方範囲全方位攻撃（-450～550）"
491,メタルな敵,7周年記念ケーキわんこ,100,1,3,1,-,範囲,50,30,110,7,メタル（被ダメージ1 ※クリティカルを除く）
492,無属性な敵,7周年記念木人城,100,0,0,"999,999","49,261",範囲,609,10,300,0,無効（波動 ふっとばす 止める 遅くする 攻撃力低下）
493,"赤い敵
 黒い敵",阿亀我王,"2,600,000",1,3,"24,000","11,428",範囲,63,24,320,"4,500","100％の確率でふっとばす
 遠方範囲全方位攻撃（-200～800）
 無効（止める）"
494,天使,聖者ポプウ,"2,500,000",1,8,"4,000",545,範囲,220,91,250,"4,444","残り体力30％以下で攻撃力200％上昇
 遠方範囲全方位攻撃（-3700～1300）
 100％の確率で毒撃（最大体力の40％の追加ダメージ）
 無効（波動 ふっとばす 止める 遅くする 攻撃力低下）"
495,"浮いてる敵
 古代種",太古の蜜江,"1,555,555",8,4,"18,888","4,606",範囲,123,36,999,"6,666","遠方範囲攻撃（888～1332）
 古代の呪い（100％の確率で3333F特殊能力封印）"
496,白い敵,？,100,3,8,40,25,単体,47,8,110,150,-
497,白い敵,かわわっぱJr.,"2,000,000",6,14,"38,000","14,430",範囲,79,40,230,"1,800",100％の確率でLv1烈波（40F 射程 150～750）
498,古代種,フェンリルとウルス,"750,000",5,4,"35,000","6,730",範囲,156,69,300,"1,400","100％の確率で120F攻撃力10％に低下
 遠方範囲全方位攻撃（-500～500）
 古代の呪い（100％の確率で120F特殊能力封印）"
499,メタルな敵,ワーニネーター,5,1,12,800,510,単体,47,8,110,150,メタル（被ダメージ1 ※クリティカルを除く）
500,浮いてる敵,タッキー,"329,000",3,8,"5,000","1,648",範囲,91,52,200,800,"遠方範囲全方位攻撃（-320～420）
 100％の確率で毒撃（最大体力の35％の追加ダメージ）"
501,"赤い敵
 超生命体",ヒュージゴマ,"15,000",4,8,300,321,範囲,28,6,320,"2,500","30％の確率で90F動きを止める
 30％の確率で90F攻撃力50％に低下"
502,浮いてる敵,初音ミク,"100,000",4,10,"6,500","1,523",範囲,128,49,320,"4,000",100％の確率で90F攻撃力25％に低下
503,浮いてる敵,桜ミク,"150,000",4,5,"20,000","2,631",範囲,228,89,450,"4,000","100％の確率で100F動きを止める
 遠方範囲攻撃（450～800）
 無効（ふっとばす 止める 遅くする 攻撃力低下）"
504,浮いてる敵,鏡音リン＆レン,"180,000",4,16,"8,000","1,090",範囲,220,71,390,"4,000","100％の確率でふっとばす
 100％の確率で60F動きを遅くする
 遠方範囲攻撃（390～640）"
505,白い敵,？,"3,000",3,18,"1,500","2,499",単体,18,8,110,45,白い敵 20％の確率で30F攻撃無効
506,白い敵,？,"72,000",2,24,"3,200","6,000",範囲,16,6,160,450,50％の確率でふっとばす
507,白い敵,？,"100,000",4,8,"15,000","6,923",単体,65,6,360,600,-
508,エイリアン（スター）,綺羅星ペロ,"1,200,000",20,3,"31,500","4,162",範囲,227,39,600,"9,999","3連続攻撃 15000 15000 1500（39F 69F 98F）※3撃目のみ他特性付加
 遠方範囲全方位攻撃（-500～1000）
 100％の確率で2000後方へワープさせる（2000F）"
509,浮いてる敵,メシエ,"378,000",14,6,"8,000",991,範囲,242,43,200,"1,500","残り体力20％以下で攻撃力200％上昇
 遠方範囲全方位攻撃（-350～600）
 無効（止める 攻撃力低下）"
510,浮いてる敵,ネコ焼そばU.F.O.,"2,000",4,8,200,61,範囲,97,18,170,200,20％の確率で90F動きを遅くする
511,浮いてる敵,？,"4,444",1,6,500,92,範囲,163,4,500,"2,000",100％の確率で1000後方へワープさせる（10F）
512,"黒い敵
 超生命体",ジャイアント黒蔵,"20,000",1,3,"2,000",324,範囲,185,6,480,"1,300",100％の確率で200F動きを遅くする
513,ゾンビ,死霊妖精クオリネム,"1,000,000",4,4,"30,000","6,206",範囲,145,71,666,"1,111","100％の確率で30F動きを止める
 遠方範囲攻撃（450～1300）
 倒された15F後に体力50％で蘇生（無制限）"
514,ゾンビ,ミニアンデッドサイクロン,"333,333",1,14,333,"1,997",範囲,5,1,100,300,"射程圏に入ると1250F地中移動（1回）
 倒された120F後に体力100％で蘇生（1回）"
515,天使,天使ドーヴエル,"1,800,000",2,8,"23,000","13,529",範囲,51,30,130,800,"33％の確率でLv3烈波（80F 射程 150～350）
 遠方範囲全方位攻撃（-300～200）"
516,白い敵,ドレミちゃん,"1,800,000",20,14,"28,000","10,500",範囲,80,40,180,"1,500","100％の確率で180F動きを遅くする
 遠方範囲攻撃（50～1850）
 無効（遅くする）"
517,"浮いてる敵
 超生命体",ギガガガ,"12,000",4,10,800,272,範囲,88,34,370,"1,500","100％の確率でふっとばす
 遠方範囲全方位攻撃（-470～470）"
518,白い敵,達人ウリル,"3,800,000",12,5,"25,500","12,142",範囲,63,20,200,"2,222","100％の確率でLv3烈波（80F 射程 200～450）
 遠方範囲全方位攻撃（-400～450）
 古代の呪い（100％の確率で300F特殊能力封印）"
519,メタルな敵,メタルコアラッキョ,150,5,5,"15,000","7,500",範囲,60,21,240,900,"メタル（被ダメージ1 ※クリティカルを除く）
 100％の確率でLv4波動（射程 1067.5）"
520,天使,スーパーゼウス,"225,000",5,9,"5,000",627,範囲,239,78,450,"3,200",100％の確率で150F攻撃力50％に低下
521,天使,シャーマンカーン,"160,000",4,8,"2,500",471,範囲,159,70,550,"3,100","100％の確率でふっとばす
 遠方範囲攻撃（300～800）"
522,天使,ヘラクライスト,"600,000",2,4,"40,000","6,703",単体,179,116,180,"3,000",遠方攻撃（-360～360）
523,"赤い敵
 エイリアン
 ゾンビ",ジョン・レオン,"3,000,000",2,10,"3,500","1,693",範囲,62,17,150,"1,800",遠方範囲攻撃（400～600）
524,無属性な敵,？,"3,000",1,0,1,-,範囲,451,100,"2,000",0,"古代の呪い（100％の確率で300F特殊能力封印）
 無効（波動 ふっとばす 止める 遅くする 攻撃力低下）"
525,メタルな敵,記念ケーキわんこ,100,1,3,1,-,範囲,50,30,110,7,メタル（被ダメージ1 ※クリティカルを除く）
526,無属性な敵,？,"1,500",1,0,120,14,単体,247,148,"2,000",0,"100％の確率でLv3烈波（80F 射程 150～2000）
 無効（波動 ふっとばす 止める 遅くする 攻撃力低下）"
527,"エイリアン
 超生命体",デッカーバチャン,"1,800",20,12,50,45,範囲,33,8,222,"1,000","100％の確率で60F動きを遅くする
 遠方範囲全方位攻撃（-300～350）"
528,古代種,イディ:Re,"3,333,333",33,44,"99,999","21,276",範囲,141,4,150,"9,000","残り体力50％以下で攻撃力100％上昇
 遠方範囲全方位攻撃（-300～300）
 古代の呪い（100％の確率で600F特殊能力封印）"
529,"浮いてる敵
 ゾンビ",テバムラサキホネツバメ,"4,500",1,55,"10,000","2,158",範囲,139,1,100,50,"遠方範囲全方位攻撃（-200～222）
 倒された200F後に体力100％で蘇生（1回）
 100％の確率で毒撃（最大体力の80％の追加ダメージ）"
530,白い敵,エドモンド本田,"500,000",5,50,"5,555","1,831",範囲,91,3,100,"1,000","100％の確率でふっとばす
 遠方範囲全方位攻撃（-300～300）"
531,白い敵,バイソン,"560,000",4,20,"28,000","11,199",単体,75,16,250,"1,000",遠方攻撃（-400～400）
532,白い敵,バルログ,"360,000",6,25,"5,000",857,範囲,175,48,450,"1,000","100％の確率で90F動きを止める
 遠方範囲攻撃（400～800）"
533,白い敵,サガット,"480,000",4,17,"2,200",795,範囲,83,4,175,"1,000","100％の確率でLv3波動（射程 867.5）
 残り体力50％以下で攻撃力100％上昇
 遠方範囲全方位攻撃（-300～300）"
534,浮いてる敵,ベガ,"320,000",4,8,"6,000",865,範囲,208,27,400,"1,000","3連続攻撃 2000 2000 2000（27F 34F 41F）
 遠方範囲全方位攻撃（-700～425）
 100％の確率で毒撃（最大体力の20％の追加ダメージ）
 無効（波動 ふっとばす 止める 遅くする 攻撃力低下）"
535,メタルな敵,8周年記念ケーキわんこ,100,1,3,1,-,範囲,50,30,110,7,メタル（被ダメージ1 ※クリティカルを除く）
536,無属性な敵,8周年記念木人城,100,0,0,"999,999","49,261",範囲,609,10,300,0,無効（波動 ふっとばす 止める 遅くする 攻撃力低下）
537,古代種,悪のネコ帝王,"1,200,000",8,6,"6,666",724,範囲,276,103,520,"3,000","100％の確率で45F動きを止める
 100％の確率でLv3烈波（80F 射程 600～900）
 遠方範囲全方位攻撃（-630～620）
 古代の呪い（100％の確率で120F特殊能力封印）"
538,浮いてる敵,巡音ルカ,"150,000",4,18,"2,000",280,範囲,214,75,425,"4,000","遠方範囲攻撃（150～500）
 100％の確率で1000後方へワープさせる（10F）"
539,白い敵,ウシわんこ,"3,000",3,30,600,999,単体,18,4,110,150,-
540,白い敵,ウリボーイ,"55,500",2,20,"23,500","26,111",範囲,27,8,130,350,100％の確率でLv5小波動（射程 1267.5 与ダメ x0.2）
541,黒い敵,チョコわんこ,"214,000",1,4,"1,420",635,範囲,67,8,110,314,"100％の確率でLv4小波動（射程 1067.5 与ダメ x0.2）
 無効（止める）"
542,浮いてる敵,雪ミク,"200,000",4,7,"14,000","1,573",範囲,267,98,400,"4,000",遠方範囲全方位攻撃（-600～600）
543,赤い敵,ごん兵衛,"98,000",4,4,"9,800","1,283",範囲,229,90,"1,700",600,"100％の確率でLv3烈波（80F 射程 150～1900）
 遠方範囲攻撃（300～1700）"
544,白い敵,早乙女乱馬（男）,"120,000",4,18,"9,000","1,788",範囲,151,24,300,"2,000","3連続攻撃 3000 3000 3000（24F 42F 60F）
 遠方範囲全方位攻撃（-600～400）"
545,白い敵,天道あかね,"165,000",3,14,"4,000",517,範囲,232,33,400,"2,000","50％の確率で渾身の一撃（与ダメ x3）
 遠方範囲攻撃（250～650）"
546,白い敵,響良牙,"180,000",2,17,"4,500",888,範囲,152,57,380,"2,000","100％の確率でふっとばす
 遠方範囲全方位攻撃（-480～480）"
547,白い敵,シャンプー,"160,000",4,18,"3,150",605,範囲,156,31,350,"2,000","3連続攻撃 1050 1050 1050（31F 38F 43F）
 100％の確率で60F動きを遅くする
 100％の確率でLv4小波動（射程 1067.5 与ダメ x0.2）
 遠方範囲全方位攻撃（-450～450）"
548,白い敵,ムース,"135,000",3,14,"3,000",439,範囲,205,48,650,"2,000","100％の確率で120F攻撃力50％に低下
 遠方範囲攻撃（450～900）"
549,白い敵,マーさん,"1,250,000",1,4,"16,000","6,233",範囲,77,6,260,"1,000",100％の確率でLv3小波動（射程 867.5 与ダメ x0.2）
550,白い敵,ネコウエハースBIG,"999,999",1,20,1,-,範囲,-,12,100,1,"1回攻撃（攻撃後、砕ける）
 100％の確率でふっとばす
 100％の確率で300F動きを遅くする
 遠方範囲全方位攻撃（-375～125）
 無効（波動 ふっとばす 止める 遅くする 攻撃力低下）"
551,"黒い敵
 超獣",怒りのブラッゴリ,"321,234",8,30,"11,234","21,063",範囲,16,6,180,555,無効（止める）
552,白い敵,ゴジラ,500,1,3,600,42,範囲,425,130,"3,800","1,954","3連続攻撃 200 200 200（130F 170F 210F）
 対 お城 与ダメx4
 遠方範囲攻撃（2300～3800）
 無効（ふっとばす 止める 遅くする 攻撃力低下）"
553,古代種,古神炎ドロン,"2,222,222",1,20,"22,222",-,範囲,-,76,400,"2,222","1回攻撃（攻撃後、砕ける）
 100％の確率でLv8烈波（180F 射程 500～1000）
 100％の確率で1200F攻撃力1％に低下
 遠方範囲全方位攻撃（-1000～600）
 無効（波動 烈波 ふっとばす 止める 遅くする 攻撃力低下）"
554,悪魔,デビルワン,"4,500",3,25,"2,200","1,783",単体,37,8,110,200,悪魔シールド（HP4500 KB時、悪魔シールドHP2250再生回復）
555,悪魔,インフェルにょろ,"8,200",2,12,"2,800","2,270",範囲,37,10,120,120,倒されたら50％の確率でLv1烈波（40F 射程 350～750）
556,悪魔,ケルベローズ,"2,500",1,10,"2,500","1,442",単体,52,13,120,66,30％の確率で120F動きを止める
557,悪魔,ギルティ・ペン,"32,250",3,10,"4,200","3,230",範囲,39,16,280,420,"50％の確率で90F動きを遅くする
 倒されたら100％の確率でLv3烈波（80F 射程 450～950）"
558,悪魔,ヘルゴリラー,"85,000",4,18,"6,868","12,877",範囲,16,6,160,500,10％の確率で渾身の一撃（与ダメ x3）
559,悪魔,悪魔ベヒモッス,"380,000",1,5,"13,600","2,205",範囲,185,6,380,800,"遠方範囲全方位攻撃（-100～410）
 悪魔シールド（HP800000 KB時、悪魔シールドHP400000再生回復）"
560,悪魔,アックマ閣下,"75,000",3,8,"15,000","6,521",範囲,69,6,345,"1,200","倒されたら100％の確率でLv1烈波（40F 射程 450～1050）
 悪魔シールド（HP250000 KB時、悪魔シールドHP125000再生回復）"
561,悪魔,魔我王,"452,000",2,2,"10,200","1,900",範囲,161,32,460,"2,300","30％の確率で60F動きを止める
 100％の確率でLv4小波動（射程 1067.5 与ダメ x0.2）
 悪魔シールド（HP322000 KB時、悪魔シールドHP322000再生回復）"
562,悪魔,デビルサイクロン,"1,666,666",4,3,"6,666","33,330",範囲,6,1,200,"6,666",悪魔シールド（HP1666666 KB時、悪魔シールドHP1666666再生回復）
563,悪魔,邪悪なネコ,"120,000",30,25,"1,800","3,000",範囲,18,8,240,"2,000",悪魔シールド（HP4800 KB時、悪魔シールドHP2400再生回復）
564,悪魔,邪悪なタンクネコ,"420,000",1,2,"4,000","1,121",範囲,107,8,380,"2,000",100％の確率でLv1烈波（40F 射程 150～550）
565,悪魔,邪悪なバトルネコ,"300,000",3,7,"3,500","6,562",範囲,16,8,360,"2,000","残り体力34％以下で攻撃力100％上昇
 悪魔シールド（HP200000 KB時、悪魔シールドHP100000再生回復）"
572,悪魔,神官マモーン,"680,000",3,5,"20,999","3,134",範囲,201,105,360,"3,000","遠方範囲全方位攻撃（-300～420）
 悪魔シールド（HP1200000 KB時、悪魔シールドHP600000再生回復）"
573,悪魔,大神官マモーン,"1,620,000",3,5,"32,200","4,805",範囲,201,105,400,"3,000","遠方範囲全方位攻撃（-300～500）
 100％の確率で毒撃（最大体力の15％の追加ダメージ）
 悪魔シールド（HP1800000 KB時、悪魔シールドHP1800000再生回復）"
574,悪魔,破壊神ジャガンドー,"2,000,000",2,6,"36,000","7,152",範囲,151,20,300,"5,000","3連続攻撃 6000 6000 24000（20F 35F 108F）※3撃目のみ他特性付加
 30％の確率でLv1烈波（40F 射程 150～750）
 遠方範囲全方位攻撃（-500～450）
 悪魔シールド（HP1800000 KB時、悪魔シールドHP1800000再生回復）"
575,悪魔,操られしネコ女王,"980,000",10,6,"31,500","3,423",範囲,276,103,520,"2,500","100％の確率で120F動きを遅くする
 100％の確率でLv6小波動（射程 1467.5 与ダメ x0.2）
 遠方範囲全方位攻撃（-630～620）
 悪魔シールド（HP1200000 KB時、悪魔シールドHP1200000再生回復）"
576,無属性な敵,？,"100,000",0,0,0,-,単体,2,0,0,0,-
577,無属性な敵,？,"100,000",0,0,0,-,単体,2,0,0,0,-
578,白い敵,大玉（白）,500,5,15,50,9,範囲,151,8,100,50,"100％の確率で60F動きを止める
 遠方範囲全方位攻撃（-600～200）"
579,赤い敵,大玉（赤）,"4,000",15,30,250,49,範囲,151,8,100,100,"100％の確率でふっとばす
 遠方範囲全方位攻撃（-600～200）"
580,メタルな敵,大玉（鉄）,20,1,5,"2,500",496,範囲,151,8,100,150,"メタル（被ダメージ1 ※クリティカルを除く）
 100％の確率で75F動きを遅くする
 遠方範囲全方位攻撃（-600～200）"
581,白い敵,キュゥべえ,"3,000",3,9,200,39,単体,151,26,145,150,100％の確率でLv2波動（射程 667.5）
582,白い敵,風（白）,"5,000",1,5,100,230,範囲,13,2,150,250,"30％の確率でふっとばす
 無効（波動 烈波 ふっとばす 止める 遅くする 攻撃力低下）"
583,赤い敵,風（赤）,"5,000",3,8,100,230,範囲,13,2,150,250,"100％の確率で30F攻撃力50％に低下
 無効（波動 烈波 ふっとばす 止める 遅くする 攻撃力低下）"
584,黒い敵,風（黒）,"5,000",10,12,150,346,範囲,13,2,150,250,無効（波動 烈波 ふっとばす 止める 遅くする 攻撃力低下）
585,悪魔,マデューさん,"788,000",1,6,"8,800","2,838",範囲,93,6,240,"1,000",100％の確率でLv1烈波（40F 射程 150～750）
586,悪魔,シスターデビル,300,1,40,"1,250","1,339",範囲,28,9,100,75,"30％の確率で150F攻撃力50％に低下
 悪魔シールド（HP15000 KB時、悪魔シールドHP7500再生回復）"
587,悪魔,サタンカーメン8号,"1,200,000",3,3,"34,000","7,906",範囲,129,24,650,"4,500","100％の確率で60F動きを遅くする
 遠方範囲全方位攻撃（-200～800）"
588,悪魔,ミッドナイトナカイ,"300,000",20,25,"23,000","16,829",範囲,41,20,300,800,悪魔シールド（HP80000 KB時、悪魔シールドHP40000再生回復）
589,悪魔,デビルカツヤ,"53,000",2,6,"30,000","6,293",範囲,143,32,450,550,"3連続攻撃 15000 10000 5000（32F 38F 44F）
 30％の確率で60F動きを止める
 遠方範囲攻撃（650～900）
 悪魔シールド（HP450000 KB時、悪魔シールドHP450000再生回復）"
590,悪魔,デスコアラッキョ,"1,270,000",4,5,"23,500","7,050",範囲,100,21,190,900,"100％の確率でLv6波動（射程 1467.5）
 悪魔シールド（HP600000 KB時、悪魔シールドHP600000再生回復）"
591,古代種,仮面のネコ仙人,"4,000,000",10,8,"86,664","32,910",範囲,79,26,255,"2,222","3連続攻撃 28888 28888 28888（26F 33F 52F）
 100％の確率でLv5波動（射程 1267.5）
 古代の呪い（100％の確率で150F特殊能力封印）"
592,メタルな敵,Q周年記念ケーキわんこ,100,1,3,1,-,範囲,50,30,110,7,メタル（被ダメージ1 ※クリティカルを除く）
593,無属性な敵,Q周年記念木人城,100,0,0,"999,999","49,261",範囲,609,10,300,0,無効（波動 ふっとばす 止める 遅くする 攻撃力低下）
594,赤い敵,レッド・エナG,"340,000",3,10,"6,790","2,288",範囲,89,30,370,"1,313","100％の確率でふっとばす
 100％の確率でLv2烈波（60F 射程 150～350）"
595,"天使
 超生命体",大天使エクスエル,"945,000",8,35,"4,800","4,645",範囲,31,13,210,750,"100％の確率で450F攻撃力50％に低下
 遠方範囲全方位攻撃（-390～260）
 100％の確率で1500後方へワープさせる（60F）"
596,"ゾンビ
 超生命体",ビッグペンZ,"840,000",3,9,"1,000",167,範囲,179,20,150,"1,500","遠方範囲全方位攻撃（-400～500）
 倒された30F後に体力10％で蘇生（無制限）
 100％の確率で毒撃（最大体力の50％の追加ダメージ）"
597,白い敵,？,"3,000",3,30,600,999,単体,18,4,110,150,-
598,白い敵,ナナ＆わんこ,"120,000",3,8,"5,000","1,485",範囲,101,63,160,"1,000","100％の確率で50F動きを遅くする
 100％の確率でLv3小波動（射程 867.5 与ダメ x0.2）
 遠方範囲全方位攻撃（-420～210）"
599,白い敵,エミリア＆わんこ,"135,000",3,10,"7,500","1,757",範囲,128,41,200,"1,000","3連続攻撃 2500 2500 2500（41F 51F 61F）
 100％の確率で50F動きを止める
 遠方範囲全方位攻撃（-350～300）"
600,赤い敵,花火玉,500,1,20,50,17,範囲,85,8,75,150,"100％の確率でふっとばす
 100％の確率で30F動きを遅くする
 遠方範囲全方位攻撃（-450～150）"
601,"古代種
 超獣",超古獣ナーラ,"3,000,000",3,16,"60,000","13,235",範囲,136,40,400,"3,000","3連続攻撃 30000 15000 15000（40F 60F 80F）
 100％の確率で90F動きを止める
 遠方範囲攻撃（1撃目1～201 2撃目200～400 3撃目400～600）
 古代の呪い（100％の確率で300F特殊能力封印）
 無効（烈波）"
602,ゾンビ,トロリンチョ,"390,000",2,15,"38,000","34,545",単体,33,14,300,550,"倒された200F後に体力50％で蘇生（1回）
 15％の確率で1000後方へワープさせる（60F）
 無効（波動 烈波）"
603,無属性な敵,？,10,1,0,1,-,単体,1000,1,50,0,無効（波動 ふっとばす 止める 遅くする 攻撃力低下）
604,無属性な敵,？,10,1,0,1,-,単体,1000,1,50,0,無効（波動 ふっとばす 止める 遅くする 攻撃力低下）
605,"白い敵
 超獣",野生のわんこ,"55,000",3,25,"16,500","10,531",範囲,47,8,150,300,"30％の確率で1度だけ生き残る
 無効（烈波）"
606,"赤い敵
 超獣",超鳥獣アヒルジョー,"1,200,000",5,15,"19,500","8,863",範囲,66,10,250,"1,500","3連続攻撃 6500 6500 6500（10F 21F 32F）
 5％の確率で渾身の一撃（与ダメ x3）
 遠方範囲攻撃（1撃目1～251 2撃目1～301 3撃目1～351）
 無効（烈波 止める 遅くする）"
607,"浮いてる敵
 超獣",超竜獣オウルハズク,"1,850,000",3,8,"36,600","6,905",範囲,159,50,480,"2,500","20％の確率でLv1烈波（40F 射程 400～1200）
 遠方範囲攻撃（330～1060）
 無効（烈波）"
608,"エイリアン
 超獣",超甲獣シザーレックス,"1,400,000",2,6,"37,000","5,362",範囲,207,17,400,"1,600","2連続攻撃 16000 21000（17F 42F）
 100％の確率で90F動きを遅くする
 遠方範囲攻撃（1撃目1～401 2撃目1～601）
 無効（波動）"
609,"赤い敵
 超生命体",オオウサ銀,"65,000",3,22,"9,000","6,279",範囲,43,12,150,200,"2連続攻撃 4500 4500（12F 14F）
 30％の確率でふっとばす
 遠方範囲攻撃（1撃目1～151 2撃目100～250）"
610,白い敵,ちびわんこ,"2,000",3,20,100,63,単体,47,8,100,30,白い敵 20％の確率で30F攻撃無効
611,"浮いてる敵
 古代種",古兵器マンボロス,"1,800,000",3,3,"31,850","3,437",範囲,278,59,650,"3,333","3連続攻撃 19600 9800 2450（59F 64F 69F）※1撃目のみ他特性付加
 100％の確率で60F動きを止める
 遠方範囲攻撃（1撃目150～650 2撃目650～1050 3撃目1050～1450）
 古代の呪い（100％の確率で240F特殊能力封印）"
612,"悪魔
 超獣",超棘獣ナマケモルガ,"1,000,000",2,13,"51,000","5,349",範囲,286,35,500,"2,000","3連続攻撃 17000 17000 17000（35F 37F 39F）
 40％の確率で100F動きを止める
 遠方範囲攻撃（1撃目1～501 2撃目200～500 3撃目350～500）
 悪魔シールド（HP50000 KB時、悪魔シールドHP25000再生回復）
 無効（波動）"
613,"黒い敵
 超獣",超闇獣ダックジョー,"2,000,000",11,20,"27,900","12,681",範囲,66,10,250,"1,800","3連続攻撃 9300 9300 9300（10F 21F 32F）
 遠方範囲攻撃（1撃目1～251 2撃目1～301 3撃目1～351）
 5％の確率で毒撃（最大体力の50％の追加ダメージ）
 無効（烈波 止める 攻撃力低下）"
614,古代種,ハニワンワン,"300,000",1,4,"20,000","8,333",単体,72,25,120,300,"20％の確率でふっとばす
 20％の確率で60F動きを止める
 20％の確率で60F動きを遅くする
 100％の確率でLv4小波動（射程 1067.5 与ダメ x0.2）
 20％の確率で60F攻撃力50％に低下
 古代の呪い（20％の確率で60F特殊能力封印）"
615,"天使
 超獣",超天獣ラジャコング,"1,855,200",24,36,"12,500","23,437",範囲,16,6,200,"4,500","10％の確率でLv2波動（射程 667.5）
 遠方範囲全方位攻撃（-50～250）
 無効（波動 烈波）"
616,"ゾンビ
 超獣",超爆獣アリアント,"75,000",1,7,"135,000","9,396",範囲,431,160,100,280,"3連続攻撃 45000 45000 45000（160F 162F 164F）
 遠方範囲全方位攻撃（1撃目-130～130 2撃目-260～260 3撃目-390～390）
 射程圏に入ると500F地中移動（1回）
 倒された720F後に体力100％で蘇生（1回）
 無効（ふっとばす 止める 攻撃力低下）"
617,"天使
 超生命体",大天使チビネル,"160,000",4,7,"4,500",849,範囲,159,40,350,650,"100％の確率で90F動きを遅くする
 100％の確率で90F攻撃力50％に低下
 遠方範囲攻撃（300～600）"
618,古代種,ネコ神面のウララー,"3,250,000",9,30,"30,000","14,754",範囲,61,39,200,"3,000","遠方範囲全方位攻撃（-400～400）
 100％の確率で1500後方へワープさせる（1F）
 古代の呪い（100％の確率で150F特殊能力封印）"
619,白い敵,三雲修＆ネコ,"150,000",2,5,"1,000",297,範囲,101,50,100,"1,000","100％の確率でLv3波動（射程 867.5）
 遠方範囲全方位攻撃（-300～150）
 無効（波動 烈波 ふっとばす 止める 遅くする 攻撃力低下）"
620,白い敵,空閑遊真＆ネコ,"120,000",4,15,"2,000",659,範囲,91,40,200,"1,000","残り体力50％以下で攻撃力100％上昇
 遠方範囲全方位攻撃（-300～300）"
621,白い敵,モールモッド,"60,000",3,11,"2,000","1,016",範囲,59,20,100,100,"100％の確率で90F動きを遅くする
 遠方範囲全方位攻撃（-450～150）"
622,赤い敵,モールモッド,"90,000",1,8,"3,000","1,525",範囲,59,20,110,100,"100％の確率で90F攻撃力50％に低下
 遠方範囲全方位攻撃（-450～150）"
623,黒い敵,モールモッド,"120,000",5,14,"4,000","2,033",範囲,59,20,120,100,"100％の確率でふっとばす
 遠方範囲全方位攻撃（-450～150）"
624,白い敵,さくら,"400,000",4,20,"18,000","3,999",範囲,135,6,200,"1,000","3連続攻撃 6000 6000 6000（6F 14F 18F）
 残り体力50％以下で攻撃力100％上昇
 遠方範囲全方位攻撃（-150～350）"
625,白い敵,ルーク,"360,000",3,22,"5,000","2,027",範囲,74,15,300,"1,000","20％の確率で渾身の一撃（与ダメ x3）
 遠方範囲全方位攻撃（-400～400）"
626,"白い敵
 超獣",超翼獣ピヨルーツ,"1,770,000",6,10,"20,000","6,741",範囲,89,22,320,"1,500","残り体力33％以下で攻撃力150％上昇
 無効（遅くする 攻撃力低下）"
627,メタルな敵,10周年記念ケーキわんこ,100,1,3,1,-,範囲,50,30,110,7,メタル（被ダメージ1 ※クリティカルを除く）
628,無属性な敵,10周年記念木人城,100,0,0,"999,999","49,261",範囲,609,10,300,0,無効（波動 ふっとばす 止める 遅くする 攻撃力低下）
629,"古代種
 超獣",超古獣マガモジョー,"2,200,000",3,13,"35,000","16,153",範囲,65,10,250,"2,100","3連続攻撃 10000 10000 15000（10F 21F 32F）※3撃目のみ他特性付加
 50％の確率でLv2烈波（60F 射程 150～750）
 遠方範囲攻撃（1撃目1～251 2撃目1～301 3撃目1～351）
 古代の呪い（100％の確率で90F特殊能力封印）
 無効（烈波 ふっとばす 遅くする）"
630,"古代種
 超獣",超猿獣ルーザ,"2,500,000",4,6,"90,000","11,065",範囲,244,60,400,"5,555","2連続攻撃 45000 45000（60F 67F）
 遠方範囲全方位攻撃（1撃目-400～400 2撃目300～700）
 古代の呪い（100％の確率で300F特殊能力封印）
 無効（波動）"
631,"古代種
 超生命体",超生命体ゼロルーザ,"4,000,000",3,4,"160,000","22,429",範囲,214,60,450,"9,999","2連続攻撃 80000 80000（60F 67F）
 残り体力33％以下で攻撃力100％上昇
 遠方範囲全方位攻撃（1撃目-450～450 2撃目375～775）
 古代の呪い（100％の確率で999F特殊能力封印）
 無効（波動 止める）"
632,浮いてる敵,メタフィリバスター,"3,000,000",200,30,"3,000,000","66,666",範囲,1350,1200,"2,000","6,000","遠方範囲攻撃（300～4300）
 無効（波動 烈波 ふっとばす 止める 遅くする 攻撃力低下）"
633,白い敵,？,"3,000",3,25,600,"1,058",単体,17,4,110,150,-
634,無属性な敵,？,"3,000,000",0,0,0,-,単体,1,1,0,0,無効（波動 烈波 ふっとばす 止める 遅くする 攻撃力低下）
635,黒い敵,殺意のタンクネコ,"9,000",1,10,240,107,範囲,67,8,110,200,-
636,"悪魔
 超獣",超舌獣ラングマスター,"950,000",4,10,"28,000","17,142",範囲,49,14,300,"2,000","2連続攻撃 22000 6000（14F 15F）
 遠方範囲全方位攻撃（1撃目-300～350 2撃目-300～350）
 悪魔シールド（HP400000 KB時、悪魔シールドHP200000再生回復）
 無効（波動 ふっとばす）"
637,白い敵,ネコエッグ3,"1,100,000",3,7,"11,000","5,499",範囲,60,15,200,"1,800","100％の確率で120F動きを遅くする
 遠方範囲全方位攻撃（-300～300）"
638,悪魔,デヴィル夫人,"9,500",2,18,"8,000","5,853",単体,41,17,150,850,倒されたら100％の確率でLv1烈波（40F 射程 200～800）
639,"悪魔
 超生命体",オーメンズ,"800,000",4,7,"15,000","10,227",範囲,44,15,430,"2,000","3連続攻撃 5000 5000 5000（15F 20F 25F）
 30％の確率で30F動きを止める
 30％の確率でLv1烈波（40F 射程 250～950）"
640,浮いてる敵,ミニホワイトサイクロン,"444,444",1,5,"20,000","120,000",単体,5,1,100,"1,111",-
641,"赤い敵
 超獣",超炎獣テオニール,"1,600,000",4,4,"8,000","15,000",範囲,16,9,400,"2,100","15％の確率で50F動きを止める
 100％の確率でLv4小波動（射程 1067.5 与ダメ x0.2）
 無効（烈波 遅くする）"
642,"エイリアン
 超獣",超豚獣ピーギィ,"980,000",2,8,"4,500","3,648",範囲,37,14,200,700,"20％の確率で60F動きを止める
 無効（ふっとばす 遅くする）"
643,"白い敵
 超獣",超象獣パパオウ,"2,000,000",1,2,"13,000","11,142",範囲,35,12,420,"2,300",無効（波動 烈波 ふっとばす 止める 遅くする 攻撃力低下）
644,悪魔,大魔王ニャンダム,"4,666,666",3,3,"679,998","78,764",範囲,259,60,400,"6,666","3連続攻撃 666666 6666 6666（60F 70F 80F）※2・3撃目のみ他特性付加
 遠方範囲全方位攻撃（1撃目-400～400 2撃目500～800 3撃目1000～1250）
 100％の確率で毒撃（最大体力の30％の追加ダメージ）
 無効（烈波 ふっとばす 攻撃力低下）"
645,白い敵,大魔道士ミモーン,"3,000,000",3,4,"45,000","6,716",範囲,201,105,400,"3,000","20％の確率で120F動きを遅くする
 遠方範囲全方位攻撃（-300～500）"
647,メタルな敵,10と1/2周年記念ケーキわんこ,100,1,3,1,-,範囲,50,30,110,7,メタル（被ダメージ1 ※クリティカルを除く）
648,浮いてる敵,赤髪のビューティームキにゃん,"600,000",3,8,"4,500","1,666",範囲,81,41,340,"1,500","100％の確率で20F動きを止める
 100％の確率でLv1烈波（40F 射程 150～600）"
649,白い敵,エヴァ第13号機,"3,000,000",3,8,"90,000","19,148",範囲,141,55,210,"10,000","3連続攻撃 30000 30000 30000（55F 60F 65F）
 100％の確率で150F動きを遅くする
 100％の確率でLv1小烈波（20F 射程 400～700 与ダメ x0.2）
 遠方範囲全方位攻撃（-3140～460）
 無効（波動 烈波 ふっとばす 止める 遅くする 攻撃力低下）"
650,無属性な敵,？,10,1,0,1,-,単体,1000,1,50,0,無効（波動 ふっとばす 止める 遅くする 攻撃力低下）
651,天使,聖天ゴクラッコ,"400,000",3,15,"4,497","5,865",範囲,23,14,150,400,"50％の確率でふっとばす
 烈波反射（被烈波で同Lv・射程の烈波を放つ）
 遠方範囲全方位攻撃（-300～200）"
652,"古代種
 超獣",超暴獣イビルージョン,"4,200,000",4,5,"30,000","9,473",範囲,95,16,400,"2,500","烈波反射（被烈波で同Lv・射程の烈波を放つ）
 遠方範囲全方位攻撃（-300～550）
 古代の呪い（100％の確率で120F特殊能力封印）
 無効（波動 ふっとばす 攻撃力低下）"
653,メタルな敵,？,50,1,0,1,-,単体,1000,1,50,0,"メタル（被ダメージ1 ※クリティカルを除く）
 無効（波動 ふっとばす 止める 遅くする 攻撃力低下）"
654,"浮いてる敵
 ゾンビ
 超獣",超魚獣アンガブル,"420,000",3,10,"13,000","6,000",範囲,65,16,280,450,"100％の確率で50F動きを遅くする
 75％の確率でLv1小烈波（20F 射程 280～980 与ダメ x0.2）
 倒された180F後に体力50％で蘇生（1回）"
655,白い敵,川野かわわっぱ,"2,600,000",4,12,"114,000","16,208",範囲,211,60,380,"2,500","3連続攻撃 38000 38000 38000（60F 66F 72F）
 100％の確率でLv1烈波（40F 射程 150～1000）
 烈波反射（被烈波で同Lv・射程の烈波を放つ）
 無効（攻撃力低下）"
656,"白い敵
 超生命体",メガメェメェ,"48,000",1,8,"39,000","14,810",単体,79,12,200,200,"3連続攻撃 13000 13000 13000（12F 16F 20F）
 烈波反射（被烈波で同Lv・射程の烈波を放つ）
 遠方攻撃（-70～230）"
657,"黒い敵
 超獣",超牙獣クロコックス,"2,900,000",20,40,"30,000","7,438",範囲,121,8,300,"3,500","100％の確率で90F攻撃力50％に低下
 遠方範囲全方位攻撃（-300～450）
 無効（止める 遅くする）"
658,浮いてる敵,初音ミク 16th,"240,000",3,10,"5,000",688,範囲,218,49,350,"3,900","100％の確率で60F動きを遅くする
 100％の確率でLv2烈波（60F 射程 150～950）"
659,無属性な敵,？,10,1,0,1,-,単体,1000,1,50,0,無効（波動 ふっとばす 止める 遅くする 攻撃力低下）
660,天使,ミニエンジェルサイクロン,"288,888",44,44,"4,444","26,664",範囲,5,1,100,888,25％の確率でLv1小烈波（20F 射程 150～750 与ダメ x0.2）
661,"浮いてる敵
 超獣",超禍獣シングリオン,"2,800,000",4,35,"200,000","26,905",範囲,223,84,350,"4,000","100％の確率で60F攻撃力50％に低下
 遠方範囲全方位攻撃（-250～550）
 無効（波動 烈波 止める 遅くする）"
662,悪魔,極悪なネコモヒカン,"3,600,000",30,25,"18,000","33,750",範囲,16,8,240,"2,000","烈波反射（被烈波で同Lv・射程の烈波を放つ）
 悪魔シールド（HP48000 KB時、悪魔シールドHP48000再生回復）
 無効（波動 ふっとばす 止める 遅くする 攻撃力低下）"
663,悪魔,極悪なゴムネコ,"5,500,000",1,2,"20,000","5,607",範囲,107,8,380,"2,000","100％の確率でLv2烈波（60F 射程 150～550）
 烈波反射（被烈波で同Lv・射程の烈波を放つ）"
664,悪魔,極悪な暗黒ネコ,"2,100,000",3,7,"8,750","16,406",範囲,16,8,360,"2,000","烈波反射（被烈波で同Lv・射程の烈波を放つ）
 残り体力34％以下で攻撃力100％上昇
 古代の呪い（100％の確率で300F特殊能力封印）
 悪魔シールド（HP700000 KB時、悪魔シールドHP700000再生回復）"
665,悪魔,極悪なムキあしネコ,"600,000",2,6,"13,200","8,425",範囲,47,8,100,"1,000","100％の確率でLv4烈波（100F 射程 150～600）
 烈波反射（被烈波で同Lv・射程の烈波を放つ）"
666,悪魔,極悪なネコライオン,"420,000",2,28,"9,900","29,700",単体,10,6,100,500,"烈波反射（被烈波で同Lv・射程の烈波を放つ）
 悪魔シールド（HP40000 KB時、悪魔シールドHP40000再生回復）"
667,悪魔,極悪な天空のネコ,"1,820,000",3,2,"53,000","9,408",範囲,169,20,640,"1,999","50％の確率でLv2小波動（射程 667.5 与ダメ x0.2）
 烈波反射（被烈波で同Lv・射程の烈波を放つ）
 悪魔シールド（HP1340000 KB時、悪魔シールドHP1340000再生回復）"
668,悪魔,極悪なネコ島,"327,000",1,6,"17,750","29,583",範囲,18,10,260,520,"烈波反射（被烈波で同Lv・射程の烈波を放つ）
 倒されたら100％の確率でLv1烈波（40F 射程 250～750）"
669,悪魔,極悪なネコキングドラゴン,"700,000",4,7,"4,850","2,969",範囲,49,10,785,"1,350","烈波反射（被烈波で同Lv・射程の烈波を放つ）
 悪魔シールド（HP70000 KB時、悪魔シールドHP70000再生回復）"
670,悪魔,極悪なネコジャラミ,"2,500,000",4,4,"33,000","30,937",範囲,32,18,160,"2,125","20％の確率で渾身の一撃（与ダメ x6）
 烈波反射（被烈波で同Lv・射程の烈波を放つ）
 遠方範囲全方位攻撃（-320～320）
 悪魔シールド（HP500000 KB時、悪魔シールドHP500000再生回復）"
671,無属性な敵,？,"1,000",0,0,1,30,範囲,1,1,0,0,無効（波動 ふっとばす 止める 遅くする 攻撃力低下）
672,浮いてる敵,大王の化身,"100,000",2,8,500,122,範囲,122,65,270,"1,111","100％の確率で40F動きを止める
 遠方範囲全方位攻撃（-540～540）"
673,メタルな敵,わんわん大王,20,1,2,3,-,範囲,201,90,"1,000","1,111","3連続攻撃 1 1 1（90F 120F 150F）
 メタル（被ダメージ1 ※クリティカルを除く）"
674,メタルな敵,11周年記念ケーキわんこ,100,1,3,1,-,範囲,50,30,110,7,メタル（被ダメージ1 ※クリティカルを除く）
675,無属性な敵,11周年記念木人城,100,0,0,"999,999","49,261",範囲,609,10,300,0,無効（波動 ふっとばす 止める 遅くする 攻撃力低下）
676,古代種,ネコ神面のウリル,"4,500,000",14,5,"28,500","13,571",範囲,63,20,300,"3,333","50％の確率で60F動きを遅くする
 100％の確率でLv4烈波（100F 射程 200～450）
 遠方範囲全方位攻撃（-400～550）
 古代の呪い（100％の確率で300F特殊能力封印）"
677,浮いてる敵,ソル・デ・ロカ,"200,000",6,16,"15,000","2,195",範囲,205,88,300,"3,000","3連続攻撃 5000 5000 5000（88F 106F 124F）
 遠方範囲全方位攻撃（1撃目-450～450 2撃目-600～300 3撃目-899～1）"
678,白い敵,？,"3,000",3,25,600,999,単体,18,4,110,150,-
679,"浮いてる敵
 超賢者",論の賢者ソラクティス,"4,000,000",10,18,"24,000","34,285",範囲,21,12,250,"6,000","30％の確率で60F動きを止める
 遠方範囲全方位攻撃（-430～430）"
680,無属性な敵,？,"30,000",1,0,600,60,範囲,297,42,"2,000",0,無効（波動 ふっとばす 止める 遅くする 攻撃力低下）
681,"白い敵
 超賢者",名賢わんこ,"120,000",3,18,"10,000","8,571",範囲,35,6,120,250,35％の確率で90F動きを止める
682,"天使
 超賢者",天使メガミエル,"650,000",6,8,"5,500","1,269",範囲,130,11,320,750,"100％の確率で150F動きを遅くする
 遠方範囲攻撃（420～770）"
683,無属性な敵,？,100,0,0,"999,999","143,540",範囲,209,10,450,0,無効（波動 ふっとばす 止める 遅くする 攻撃力低下）
684,"黒い敵
 超賢者",ドヴェルダーク,"2,000,000",6,12,"13,000","8,297",範囲,47,30,200,"2,000","33％の確率でLv3小波動（射程 867.5 与ダメ x0.2）
 100％の確率で60F攻撃力25％に低下
 遠方範囲全方位攻撃（-250～350）"
685,"古代種
 超生命体",大型土器ダイハニワン,"1,000,000",1,5,"5,000","1,851",範囲,81,44,350,"2,300","30％の確率でふっとばす
 30％の確率で90F動きを止める
 30％の確率で90F動きを遅くする
 100％の確率でLv4波動（射程 1067.5）
 30％の確率で90F攻撃力50％に低下
 古代の呪い（100％の確率で90F特殊能力封印）
 無効（呪い）"
686,浮いてる敵,謎の厄災,"250,000",3,3,"4,500",564,範囲,239,40,250,"11,115","100％の確率で240F攻撃力50％に低下
 残り体力33％以下で攻撃力100％上昇
 遠方範囲全方位攻撃（-800～800）
 無効（ふっとばす 止める）"
687,浮いてる敵,操られしわんわん大王,"80,000",3,2,"3,000",249,範囲,361,90,"1,000","1,111","3連続攻撃 1000 1000 1000（90F 120F 150F）
 100％の確率で50F動きを止める"
690,白い敵,緋村剣心,"90,000",3,9,"6,000","1,363",範囲,132,27,435,"1,500",-
691,白い敵,相楽左之助,"200,000",2,10,"6,000",937,範囲,192,73,340,"1,500",遠方範囲全方位攻撃（-200～440）
692,白い敵,四乃森蒼紫,"150,000",5,15,"3,500",432,範囲,243,60,400,"1,500","100％の確率で150F動きを止める
 遠方範囲攻撃（250～650）"
693,白い敵,斎藤一,"220,000",10,55,"8,000","1,832",範囲,131,3,200,"1,500",遠方範囲全方位攻撃（-200～400）
694,"赤い敵
 超賢者",ドクターK.O.,"380,000",3,28,"18,600","29,368",範囲,19,2,170,650,3連続攻撃 13000 500 5100（2F 4F 8F）
695,無属性な敵,？,100,0,0,"999,999","42,313",範囲,709,10,300,0,"100％の確率でLv20波動（射程 4267.5）
 無効（波動 ふっとばす 止める 遅くする 攻撃力低下）"
696,"エイリアン（スター）
 超賢者",テク・ノロ爺,"850,000",3,9,"12,022","6,011",範囲,60,30,350,"1,505","烈波反射（被烈波で同Lv・射程の烈波を放つ）
 遠方範囲全方位攻撃（-300～390）
 100％の確率で1200後方へワープさせる（500F）
 無効（呪い）"
697,白い敵,丸太,"2,000",3,25,500,176,範囲,85,8,75,150,"100％の確率でふっとばす
 100％の確率で60F動きを遅くする
 遠方範囲全方位攻撃（-300～150）"
698,白い敵,大岩,"10,000",1,15,"2,000",408,範囲,147,16,100,250,遠方範囲全方位攻撃（-450～150）
699,"悪魔
 超賢者",ツバサターン,"60,000",15,77,"12,000","2,627",範囲,137,1,150,200,"100％の確率でふっとばす
 100％の確率でLv3小波動（射程 867.5 与ダメ x0.2）"
700,"ゾンビ
 超賢者",ダ・チョー老,"1,600,000",4,22,"23,000","40,588",範囲,17,4,300,"1,080","倒された180F後に体力50％で蘇生（無制限）
 20％の確率で毒撃（最大体力の20％の追加ダメージ）"
701,"古代種
 超賢者",生命の賢者Dr.ノーヴァ,"5,000,000",8,7,"99,999","13,698",範囲,219,60,350,"9,999","100％の確率で200F動きを遅くする
 100％の確率で爆波（射程 350）
 遠方範囲攻撃（250～650）
 古代の呪い（100％の確率で999F特殊能力封印）"
702,古代種,イディ:Ne,"555,555",20,44,"50,000","10,638",範囲,141,4,150,"1,500","遠方範囲全方位攻撃（-300～300）
 古代の呪い（100％の確率で600F特殊能力封印）
 無効（波動 烈波）"
703,白い敵,ネコ給食当番,"1,700,000",8,25,"25,000","9,036",範囲,83,12,150,"1,500","遠方範囲全方位攻撃（-250～300）
 古代の呪い（100％の確率で90F特殊能力封印）
 無効（遅くする）"